글_슬러그,종류,경로,주소
도면오류비용,본문,posts/sijak-legal/sijak-legal-communication-accuracy.png,https://cdn.jsdelivr.net/gh/charlotteyoon/wp-image@main/posts/sijak-legal/sijak-legal-communication-accuracy.png
도면오류비용,본문,posts/sijak-legal/sijak-legal-error-cost-by-stage.png,https://cdn.jsdelivr.net/gh/charlotteyoon/wp-image@main/posts/sijak-legal/sijak-legal-error-cost-by-stage.png
도면오류비용,썸네일,thumbnails/sijak-legal-v2.png,https://cdn.jsdelivr.net/gh/charlotteyoon/wp-image@main/thumbnails/sijak-legal-v2.png
6개-방향으로-공차를-통제할-수-있게-하는-6자유도,썸네일,thumbnails/datum-27-six-directions-v2.png,https://cdn.jsdelivr.net/gh/charlotteyoon/wp-image@main/thumbnails/datum-27-six-directions-v2.png
6자유도-스마트폰,썸네일,thumbnails/datum-28-six-dof-v2.png,https://cdn.jsdelivr.net/gh/charlotteyoon/wp-image@main/thumbnails/datum-28-six-dof-v2.png
drf-역할,썸네일,thumbnails/datum-29-drf-not-coordinate-v2.png,https://cdn.jsdelivr.net/gh/charlotteyoon/wp-image@main/thumbnails/datum-29-drf-not-coordinate-v2.png
drf-특징,썸네일,thumbnails/datum-30-drf-real-part-v2.png,https://cdn.jsdelivr.net/gh/charlotteyoon/wp-image@main/thumbnails/datum-30-drf-real-part-v2.png
데이텀-피쳐의-식별,썸네일,thumbnails/datum-31-feature-identification-v2.png,https://cdn.jsdelivr.net/gh/charlotteyoon/wp-image@main/thumbnails/datum-31-feature-identification-v2.png
데이텀-역할,썸네일,thumbnails/datum-32-datum-role-v2.png,https://cdn.jsdelivr.net/gh/charlotteyoon/wp-image@main/thumbnails/datum-32-datum-role-v2.png
데이텀-정의,썸네일,thumbnails/datum-33-what-is-datum-v2.png,https://cdn.jsdelivr.net/gh/charlotteyoon/wp-image@main/thumbnails/datum-33-what-is-datum-v2.png
우리가-측정에서-다루는-데이텀은-진짜-데이텀이-아,썸네일,thumbnails/datum-34-simulated-datum-v2.png,https://cdn.jsdelivr.net/gh/charlotteyoon/wp-image@main/thumbnails/datum-34-simulated-datum-v2.png
rule-1,썸네일,thumbnails/gibon-g00-v2.png,https://cdn.jsdelivr.net/gh/charlotteyoon/wp-image@main/thumbnails/gibon-g00-v2.png
asme-rule2,썸네일,thumbnails/gibon-g01-v2.png,https://cdn.jsdelivr.net/gh/charlotteyoon/wp-image@main/thumbnails/gibon-g01-v2.png
fcf-배치로-결정되는-규제-대상-서피스-피쳐-vs-사이즈,썸네일,thumbnails/gibon-g02-v2.png,https://cdn.jsdelivr.net/gh/charlotteyoon/wp-image@main/thumbnails/gibon-g02-v2.png
fcf-읽는-방법,썸네일,thumbnails/gibon-g03-v2.png,https://cdn.jsdelivr.net/gh/charlotteyoon/wp-image@main/thumbnails/gibon-g03-v2.png
fcf-피쳐-컨트롤-프레임,썸네일,thumbnails/gibon-g04-v2.png,https://cdn.jsdelivr.net/gh/charlotteyoon/wp-image@main/thumbnails/gibon-g04-v2.png
체계로서의-gdt,썸네일,thumbnails/gibon-g05-v2.png,https://cdn.jsdelivr.net/gh/charlotteyoon/wp-image@main/thumbnails/gibon-g05-v2.png
rule-1-실제-적용과-검사방법,썸네일,thumbnails/gibon-g06-v2.png,https://cdn.jsdelivr.net/gh/charlotteyoon/wp-image@main/thumbnails/gibon-g06-v2.png
기하공차의-문제가-아니라-측정수의-문제,썸네일,thumbnails/gibon-g07-v2.png,https://cdn.jsdelivr.net/gh/charlotteyoon/wp-image@main/thumbnails/gibon-g07-v2.png
공차편차오차-기하공차-필수-용어-정리,썸네일,thumbnails/gibon-g08-v2.png,https://cdn.jsdelivr.net/gh/charlotteyoon/wp-image@main/thumbnails/gibon-g08-v2.png
원페이지-기하공차-1-page-gdt,썸네일,thumbnails/gibon-g09-v2.png,https://cdn.jsdelivr.net/gh/charlotteyoon/wp-image@main/thumbnails/gibon-g09-v2.png
기하공차-gdt-시작-fcf,썸네일,thumbnails/gibon-g10-v2.png,https://cdn.jsdelivr.net/gh/charlotteyoon/wp-image@main/thumbnails/gibon-g10-v2.png
베이직-치수-일반-치수-비교,썸네일,thumbnails/gibon-g11-v2.png,https://cdn.jsdelivr.net/gh/charlotteyoon/wp-image@main/thumbnails/gibon-g11-v2.png
베이직-치수,썸네일,thumbnails/gibon-g12-v2.png,https://cdn.jsdelivr.net/gh/charlotteyoon/wp-image@main/thumbnails/gibon-g12-v2.png
베이직-치수의-완전한-이해-개념부터-트루-포지션,썸네일,thumbnails/gibon-g13-v2.png,https://cdn.jsdelivr.net/gh/charlotteyoon/wp-image@main/thumbnails/gibon-g13-v2.png
사이즈-피쳐,썸네일,thumbnails/gibon-g14-v2.png,https://cdn.jsdelivr.net/gh/charlotteyoon/wp-image@main/thumbnails/gibon-g14-v2.png
사이즈-피쳐의-성립조건,썸네일,thumbnails/gibon-g15-v2.png,https://cdn.jsdelivr.net/gh/charlotteyoon/wp-image@main/thumbnails/gibon-g15-v2.png
서피스-피쳐-사이즈-피쳐-비교,썸네일,thumbnails/gibon-g16-v2.png,https://cdn.jsdelivr.net/gh/charlotteyoon/wp-image@main/thumbnails/gibon-g16-v2.png
서피스-해석-vs-중심축-해석-측정방법이-다르면-해석,썸네일,thumbnails/gibon-g17-v2.png,https://cdn.jsdelivr.net/gh/charlotteyoon/wp-image@main/thumbnails/gibon-g17-v2.png
서피스-피쳐-비교,썸네일,thumbnails/gibon-g18-v2.png,https://cdn.jsdelivr.net/gh/charlotteyoon/wp-image@main/thumbnails/gibon-g18-v2.png
도면에-없으면-없는-것이다,썸네일,thumbnails/gibon-g19-v2.png,https://cdn.jsdelivr.net/gh/charlotteyoon/wp-image@main/thumbnails/gibon-g19-v2.png
피쳐-정의,썸네일,thumbnails/gibon-g20-v2.png,https://cdn.jsdelivr.net/gh/charlotteyoon/wp-image@main/thumbnails/gibon-g20-v2.png
기하공차-해석-1,썸네일,thumbnails/haeseok-1-v2.png,https://cdn.jsdelivr.net/gh/charlotteyoon/wp-image@main/thumbnails/haeseok-1-v2.png
기하공차-해석-3-원통형-피쳐,썸네일,thumbnails/haeseok-3-v2.png,https://cdn.jsdelivr.net/gh/charlotteyoon/wp-image@main/thumbnails/haeseok-3-v2.png
기하공차-해석-4-너비형-피쳐,썸네일,thumbnails/haeseok-4-v2.png,https://cdn.jsdelivr.net/gh/charlotteyoon/wp-image@main/thumbnails/haeseok-4-v2.png
기하공차-해석-5-구형-피쳐,썸네일,thumbnails/haeseok-5-v2.png,https://cdn.jsdelivr.net/gh/charlotteyoon/wp-image@main/thumbnails/haeseok-5-v2.png
기하공차-해석-6-mmc-패턴홀,썸네일,thumbnails/haeseok-6-v2.png,https://cdn.jsdelivr.net/gh/charlotteyoon/wp-image@main/thumbnails/haeseok-6-v2.png
기하공차-해석하기-7-6개의-패턴홀,썸네일,thumbnails/haeseok-7-v2.png,https://cdn.jsdelivr.net/gh/charlotteyoon/wp-image@main/thumbnails/haeseok-7-v2.png
mmc-검사,썸네일,thumbnails/jaeryo-gauge-v2.png,https://cdn.jsdelivr.net/gh/charlotteyoon/wp-image@main/thumbnails/jaeryo-gauge-v2.png
공차재료조건_rfs_mmc_lmc,썸네일,thumbnails/jaeryo-intent-v2.png,https://cdn.jsdelivr.net/gh/charlotteyoon/wp-image@main/thumbnails/jaeryo-intent-v2.png
사이즈-피쳐의-mmc와-lmc,썸네일,thumbnails/jaeryo-machining-v2.png,https://cdn.jsdelivr.net/gh/charlotteyoon/wp-image@main/thumbnails/jaeryo-machining-v2.png
mmb-계산과-적절한-mmb-선택,썸네일,thumbnails/jaeryo-mmb-v2.png,https://cdn.jsdelivr.net/gh/charlotteyoon/wp-image@main/thumbnails/jaeryo-mmb-v2.png
공차조건-모디파이어,썸네일,thumbnails/jaeryo-modifier-v2.png,https://cdn.jsdelivr.net/gh/charlotteyoon/wp-image@main/thumbnails/jaeryo-modifier-v2.png
mmc-특정재료상태,썸네일,thumbnails/jaeryo-state-v2.png,https://cdn.jsdelivr.net/gh/charlotteyoon/wp-image@main/thumbnails/jaeryo-state-v2.png
기하공차-통제목표,썸네일,thumbnails/jongryu-control-target-v2.png,https://cdn.jsdelivr.net/gh/charlotteyoon/wp-image@main/thumbnails/jongryu-control-target-v2.png
윤곽공차의-확장-2-범위지정-비트윈-올어라운드-올,썸네일,thumbnails/jongryu-extent-v2.png,https://cdn.jsdelivr.net/gh/charlotteyoon/wp-image@main/thumbnails/jongryu-extent-v2.png
기하공차-유형-특징,썸네일,thumbnails/jongryu-five-types-v2.png,https://cdn.jsdelivr.net/gh/charlotteyoon/wp-image@main/thumbnails/jongryu-five-types-v2.png
기하공차-통제속성,썸네일,thumbnails/jongryu-four-attributes-v2.png,https://cdn.jsdelivr.net/gh/charlotteyoon/wp-image@main/thumbnails/jongryu-four-attributes-v2.png
윤곽공차의-확장-3-불균일한-공차영역의-정의-비트윈,썸네일,thumbnails/jongryu-nonuniform-v2.png,https://cdn.jsdelivr.net/gh/charlotteyoon/wp-image@main/thumbnails/jongryu-nonuniform-v2.png
윤곽공차의-확장-1-불균등-공차영역을-정의하는-ⓤ-모,썸네일,thumbnails/jongryu-unequal-u-v2.png,https://cdn.jsdelivr.net/gh/charlotteyoon/wp-image@main/thumbnails/jongryu-unequal-u-v2.png
공차는-누가-결정하는가,썸네일,thumbnails/sijak-adoption-v2.png,https://cdn.jsdelivr.net/gh/charlotteyoon/wp-image@main/thumbnails/sijak-adoption-v2.png
자전거로-알아보는-기하공차,썸네일,thumbnails/sijak-ambiguity-v2.png,https://cdn.jsdelivr.net/gh/charlotteyoon/wp-image@main/thumbnails/sijak-ambiguity-v2.png
치수공차의-한계,썸네일,thumbnails/sijak-assembly-v2.png,https://cdn.jsdelivr.net/gh/charlotteyoon/wp-image@main/thumbnails/sijak-assembly-v2.png
도면-조직-공통언어,썸네일,thumbnails/sijak-common-language-v2.png,https://cdn.jsdelivr.net/gh/charlotteyoon/wp-image@main/thumbnails/sijak-common-language-v2.png
공차가-중요한-이유,썸네일,thumbnails/sijak-cost-v2.png,https://cdn.jsdelivr.net/gh/charlotteyoon/wp-image@main/thumbnails/sijak-cost-v2.png
불량품이-합격하고-양품이-불합격되는-치수공차,썸네일,thumbnails/sijak-defect-pass-v2.png,https://cdn.jsdelivr.net/gh/charlotteyoon/wp-image@main/thumbnails/sijak-defect-pass-v2.png
치수공차와-기하공차의-근본적인-차이,썸네일,thumbnails/sijak-difference-v2.png,https://cdn.jsdelivr.net/gh/charlotteyoon/wp-image@main/thumbnails/sijak-difference-v2.png
설계-생산-품질-고객이-싸우는-진짜-이유,썸네일,thumbnails/sijak-fight-v2.png,https://cdn.jsdelivr.net/gh/charlotteyoon/wp-image@main/thumbnails/sijak-fight-v2.png
gdt에-대한-10가지-오해,썸네일,thumbnails/sijak-myths-v2.png,https://cdn.jsdelivr.net/gh/charlotteyoon/wp-image@main/thumbnails/sijak-myths-v2.png
기하공차로-좌절한-엔지니어를-위한-힐링-자기계발,썸네일,thumbnails/sijak-training-v2.png,https://cdn.jsdelivr.net/gh/charlotteyoon/wp-image@main/thumbnails/sijak-training-v2.png
왜-이-값인가-기하공차-설계에서-판단-근거가-중요한,썸네일,thumbnails/sijak-why-this-value-v2.png,https://cdn.jsdelivr.net/gh/charlotteyoon/wp-image@main/thumbnails/sijak-why-this-value-v2.png
공차가-필요한-이유,썸네일,thumbnails/sijak-why-tolerance-v2.png,https://cdn.jsdelivr.net/gh/charlotteyoon/wp-image@main/thumbnails/sijak-why-tolerance-v2.png
당신의-엔지니어링-경쟁력을-세계-수준으로-높이는,썸네일,thumbnails/sijak-world-class-v2.png,https://cdn.jsdelivr.net/gh/charlotteyoon/wp-image@main/thumbnails/sijak-world-class-v2.png
분류: 시작 전에,아이콘,icons/icon-before-v2.png,https://cdn.jsdelivr.net/gh/charlotteyoon/wp-image@main/icons/icon-before-v2.png
분류: 기본,아이콘,icons/icon-fcf-v2.png,https://cdn.jsdelivr.net/gh/charlotteyoon/wp-image@main/icons/icon-fcf-v2.png
분류: 데이텀,아이콘,icons/icon-datum-v2.png,https://cdn.jsdelivr.net/gh/charlotteyoon/wp-image@main/icons/icon-datum-v2.png
분류: 기하공차 종류,아이콘,icons/icon-types-v2.png,https://cdn.jsdelivr.net/gh/charlotteyoon/wp-image@main/icons/icon-types-v2.png
분류: 재료조건,아이콘,icons/icon-mmc-v2.png,https://cdn.jsdelivr.net/gh/charlotteyoon/wp-image@main/icons/icon-mmc-v2.png
분류: 실전,아이콘,icons/icon-practice-v2.png,https://cdn.jsdelivr.net/gh/charlotteyoon/wp-image@main/icons/icon-practice-v2.png
도구: 보너스 공차 계산기,아이콘,icons/icon-calculator-v2.png,https://cdn.jsdelivr.net/gh/charlotteyoon/wp-image@main/icons/icon-calculator-v2.png
도구: 자유도 시뮬레이터,아이콘,icons/icon-dof-v2.png,https://cdn.jsdelivr.net/gh/charlotteyoon/wp-image@main/icons/icon-dof-v2.png
도구: 기하공차 용어집,아이콘,icons/icon-glossary-v2.png,https://cdn.jsdelivr.net/gh/charlotteyoon/wp-image@main/icons/icon-glossary-v2.png
도구: FCF 편집기,아이콘,icons/icon-editor-v2.png,https://cdn.jsdelivr.net/gh/charlotteyoon/wp-image@main/icons/icon-editor-v2.png
도구: 용어집 챗봇,아이콘,icons/icon-chatbot-v2.png,https://cdn.jsdelivr.net/gh/charlotteyoon/wp-image@main/icons/icon-chatbot-v2.png
입구: 커뮤니티,아이콘,icons/icon-community-v2.png,https://cdn.jsdelivr.net/gh/charlotteyoon/wp-image@main/icons/icon-community-v2.png
입구: 질문의 전당,아이콘,icons/icon-hall-v2.png,https://cdn.jsdelivr.net/gh/charlotteyoon/wp-image@main/icons/icon-hall-v2.png
입구: 강의,아이콘,icons/icon-course-v2.png,https://cdn.jsdelivr.net/gh/charlotteyoon/wp-image@main/icons/icon-course-v2.png
입구: 전자책,아이콘,icons/icon-ebook-v2.png,https://cdn.jsdelivr.net/gh/charlotteyoon/wp-image@main/icons/icon-ebook-v2.png
입구: 블로그,아이콘,icons/icon-blog-v2.png,https://cdn.jsdelivr.net/gh/charlotteyoon/wp-image@main/icons/icon-blog-v2.png
빈 화면: 검색 결과 없음,빈화면,empty/empty-search.png,https://cdn.jsdelivr.net/gh/charlotteyoon/wp-image@main/empty/empty-search.png
빈 화면: 404,빈화면,empty/empty-404.png,https://cdn.jsdelivr.net/gh/charlotteyoon/wp-image@main/empty/empty-404.png
빈 화면: 글 없음,빈화면,empty/empty-posts.png,https://cdn.jsdelivr.net/gh/charlotteyoon/wp-image@main/empty/empty-posts.png
,미사용,unused/author-kf21.jpg,https://cdn.jsdelivr.net/gh/charlotteyoon/wp-image@main/unused/author-kf21.jpg
,미사용,unused/cropped-모두의-기하공차_아이콘.png,https://cdn.jsdelivr.net/gh/charlotteyoon/wp-image@main/unused/cropped-%EB%AA%A8%EB%91%90%EC%9D%98-%EA%B8%B0%ED%95%98%EA%B3%B5%EC%B0%A8_%EC%95%84%EC%9D%B4%EC%BD%98.png
,미사용,unused/gdtp-certificate-2026.png,https://cdn.jsdelivr.net/gh/charlotteyoon/wp-image@main/unused/gdtp-certificate-2026.png
,미사용,unused/image.png,https://cdn.jsdelivr.net/gh/charlotteyoon/wp-image@main/unused/image.png
,미사용,unused/tistory_MMC-검사_img.png,https://cdn.jsdelivr.net/gh/charlotteyoon/wp-image@main/unused/tistory_MMC-%EA%B2%80%EC%82%AC_img.png
,미사용,unused/tistory_해석법-4단계_img3.기초_01.FCF44FCF의-정보-구성-사본@8x-20-scaled.jpg,https://cdn.jsdelivr.net/gh/charlotteyoon/wp-image@main/unused/tistory_%ED%95%B4%EC%84%9D%EB%B2%95-4%EB%8B%A8%EA%B3%84_img3.%EA%B8%B0%EC%B4%88_01.FCF44FCF%EC%9D%98-%EC%A0%95%EB%B3%B4-%EA%B5%AC%EC%84%B1-%EC%82%AC%EB%B3%B8%408x-20-scaled.jpg
,미사용,unused/랜딩_히어로_플랜지도면.png,https://cdn.jsdelivr.net/gh/charlotteyoon/wp-image@main/unused/%EB%9E%9C%EB%94%A9_%ED%9E%88%EC%96%B4%EB%A1%9C_%ED%94%8C%EB%9E%9C%EC%A7%80%EB%8F%84%EB%A9%B4.png
,미사용,unused/모두의-기하공차GDT_ASME-Y14.5-2018-인용-11-1-scaled.png,https://cdn.jsdelivr.net/gh/charlotteyoon/wp-image@main/unused/%EB%AA%A8%EB%91%90%EC%9D%98-%EA%B8%B0%ED%95%98%EA%B3%B5%EC%B0%A8GDT_ASME-Y14.5-2018-%EC%9D%B8%EC%9A%A9-11-1-scaled.png
,미사용,unused/모두의-기하공차GDT_ASME-Y14.5-2018-인용-11-scaled.png,https://cdn.jsdelivr.net/gh/charlotteyoon/wp-image@main/unused/%EB%AA%A8%EB%91%90%EC%9D%98-%EA%B8%B0%ED%95%98%EA%B3%B5%EC%B0%A8GDT_ASME-Y14.5-2018-%EC%9D%B8%EC%9A%A9-11-scaled.png
,미사용,unused/모두의-기하공차GDT_FCF-배치-14-scaled.png,https://cdn.jsdelivr.net/gh/charlotteyoon/wp-image@main/unused/%EB%AA%A8%EB%91%90%EC%9D%98-%EA%B8%B0%ED%95%98%EA%B3%B5%EC%B0%A8GDT_FCF-%EB%B0%B0%EC%B9%98-14-scaled.png
,미사용,unused/모두의-기하공차GDT_MMB-계산-11-1-scaled.png,https://cdn.jsdelivr.net/gh/charlotteyoon/wp-image@main/unused/%EB%AA%A8%EB%91%90%EC%9D%98-%EA%B8%B0%ED%95%98%EA%B3%B5%EC%B0%A8GDT_MMB-%EA%B3%84%EC%82%B0-11-1-scaled.png
,미사용,unused/모두의-기하공차GDT_MMB-계산-12-1-scaled.png,https://cdn.jsdelivr.net/gh/charlotteyoon/wp-image@main/unused/%EB%AA%A8%EB%91%90%EC%9D%98-%EA%B8%B0%ED%95%98%EA%B3%B5%EC%B0%A8GDT_MMB-%EA%B3%84%EC%82%B0-12-1-scaled.png
,미사용,unused/모두의-기하공차GDT_MMB-계산-13-1-scaled.png,https://cdn.jsdelivr.net/gh/charlotteyoon/wp-image@main/unused/%EB%AA%A8%EB%91%90%EC%9D%98-%EA%B8%B0%ED%95%98%EA%B3%B5%EC%B0%A8GDT_MMB-%EA%B3%84%EC%82%B0-13-1-scaled.png
,미사용,unused/모두의-기하공차GDT_MMB-계산-13-scaled.png,https://cdn.jsdelivr.net/gh/charlotteyoon/wp-image@main/unused/%EB%AA%A8%EB%91%90%EC%9D%98-%EA%B8%B0%ED%95%98%EA%B3%B5%EC%B0%A8GDT_MMB-%EA%B3%84%EC%82%B0-13-scaled.png
,미사용,unused/모두의-기하공차GDT_MMC-이해-12-scaled.png,https://cdn.jsdelivr.net/gh/charlotteyoon/wp-image@main/unused/%EB%AA%A8%EB%91%90%EC%9D%98-%EA%B8%B0%ED%95%98%EA%B3%B5%EC%B0%A8GDT_MMC-%EC%9D%B4%ED%95%B4-12-scaled.png
,미사용,unused/모두의-기하공차GDT_MMC-이해-7-scaled.png,https://cdn.jsdelivr.net/gh/charlotteyoon/wp-image@main/unused/%EB%AA%A8%EB%91%90%EC%9D%98-%EA%B8%B0%ED%95%98%EA%B3%B5%EC%B0%A8GDT_MMC-%EC%9D%B4%ED%95%B4-7-scaled.png
,미사용,unused/모두의-기하공차GDT_기본_썸네일-33-1.png,https://cdn.jsdelivr.net/gh/charlotteyoon/wp-image@main/unused/%EB%AA%A8%EB%91%90%EC%9D%98-%EA%B8%B0%ED%95%98%EA%B3%B5%EC%B0%A8GDT_%EA%B8%B0%EB%B3%B8_%EC%8D%B8%EB%84%A4%EC%9D%BC-33-1.png
,미사용,unused/모두의-기하공차GDT_기본_썸네일-34-1.png,https://cdn.jsdelivr.net/gh/charlotteyoon/wp-image@main/unused/%EB%AA%A8%EB%91%90%EC%9D%98-%EA%B8%B0%ED%95%98%EA%B3%B5%EC%B0%A8GDT_%EA%B8%B0%EB%B3%B8_%EC%8D%B8%EB%84%A4%EC%9D%BC-34-1.png
,미사용,unused/모두의-기하공차GDT_기본_썸네일-35.png,https://cdn.jsdelivr.net/gh/charlotteyoon/wp-image@main/unused/%EB%AA%A8%EB%91%90%EC%9D%98-%EA%B8%B0%ED%95%98%EA%B3%B5%EC%B0%A8GDT_%EA%B8%B0%EB%B3%B8_%EC%8D%B8%EB%84%A4%EC%9D%BC-35.png
,미사용,unused/모두의-기하공차GDT_기본_썸네일-36.png,https://cdn.jsdelivr.net/gh/charlotteyoon/wp-image@main/unused/%EB%AA%A8%EB%91%90%EC%9D%98-%EA%B8%B0%ED%95%98%EA%B3%B5%EC%B0%A8GDT_%EA%B8%B0%EB%B3%B8_%EC%8D%B8%EB%84%A4%EC%9D%BC-36.png
,미사용,unused/모두의-기하공차GDT_기본_썸네일-37.png,https://cdn.jsdelivr.net/gh/charlotteyoon/wp-image@main/unused/%EB%AA%A8%EB%91%90%EC%9D%98-%EA%B8%B0%ED%95%98%EA%B3%B5%EC%B0%A8GDT_%EA%B8%B0%EB%B3%B8_%EC%8D%B8%EB%84%A4%EC%9D%BC-37.png
,미사용,unused/모두의-기하공차GDT_기본_썸네일-38.png,https://cdn.jsdelivr.net/gh/charlotteyoon/wp-image@main/unused/%EB%AA%A8%EB%91%90%EC%9D%98-%EA%B8%B0%ED%95%98%EA%B3%B5%EC%B0%A8GDT_%EA%B8%B0%EB%B3%B8_%EC%8D%B8%EB%84%A4%EC%9D%BC-38.png
,미사용,unused/모두의-기하공차GDT_기본_썸네일-40.png,https://cdn.jsdelivr.net/gh/charlotteyoon/wp-image@main/unused/%EB%AA%A8%EB%91%90%EC%9D%98-%EA%B8%B0%ED%95%98%EA%B3%B5%EC%B0%A8GDT_%EA%B8%B0%EB%B3%B8_%EC%8D%B8%EB%84%A4%EC%9D%BC-40.png
,미사용,unused/모두의-기하공차GDT_기본_썸네일-41.png,https://cdn.jsdelivr.net/gh/charlotteyoon/wp-image@main/unused/%EB%AA%A8%EB%91%90%EC%9D%98-%EA%B8%B0%ED%95%98%EA%B3%B5%EC%B0%A8GDT_%EA%B8%B0%EB%B3%B8_%EC%8D%B8%EB%84%A4%EC%9D%BC-41.png
,미사용,unused/모두의-기하공차GDT_기본_썸네일-45.png,https://cdn.jsdelivr.net/gh/charlotteyoon/wp-image@main/unused/%EB%AA%A8%EB%91%90%EC%9D%98-%EA%B8%B0%ED%95%98%EA%B3%B5%EC%B0%A8GDT_%EA%B8%B0%EB%B3%B8_%EC%8D%B8%EB%84%A4%EC%9D%BC-45.png
,미사용,unused/모두의-기하공차GDT_기본_썸네일-48.png,https://cdn.jsdelivr.net/gh/charlotteyoon/wp-image@main/unused/%EB%AA%A8%EB%91%90%EC%9D%98-%EA%B8%B0%ED%95%98%EA%B3%B5%EC%B0%A8GDT_%EA%B8%B0%EB%B3%B8_%EC%8D%B8%EB%84%A4%EC%9D%BC-48.png
,미사용,unused/모두의-기하공차GDT_기본_썸네일-49.png,https://cdn.jsdelivr.net/gh/charlotteyoon/wp-image@main/unused/%EB%AA%A8%EB%91%90%EC%9D%98-%EA%B8%B0%ED%95%98%EA%B3%B5%EC%B0%A8GDT_%EA%B8%B0%EB%B3%B8_%EC%8D%B8%EB%84%A4%EC%9D%BC-49.png
,미사용,unused/모두의-기하공차GDT_기본_썸네일-50.png,https://cdn.jsdelivr.net/gh/charlotteyoon/wp-image@main/unused/%EB%AA%A8%EB%91%90%EC%9D%98-%EA%B8%B0%ED%95%98%EA%B3%B5%EC%B0%A8GDT_%EA%B8%B0%EB%B3%B8_%EC%8D%B8%EB%84%A4%EC%9D%BC-50.png
,미사용,unused/모두의-기하공차GDT_기본_썸네일-51.png,https://cdn.jsdelivr.net/gh/charlotteyoon/wp-image@main/unused/%EB%AA%A8%EB%91%90%EC%9D%98-%EA%B8%B0%ED%95%98%EA%B3%B5%EC%B0%A8GDT_%EA%B8%B0%EB%B3%B8_%EC%8D%B8%EB%84%A4%EC%9D%BC-51.png
,미사용,unused/모두의-기하공차GDT_기본_썸네일-52.png,https://cdn.jsdelivr.net/gh/charlotteyoon/wp-image@main/unused/%EB%AA%A8%EB%91%90%EC%9D%98-%EA%B8%B0%ED%95%98%EA%B3%B5%EC%B0%A8GDT_%EA%B8%B0%EB%B3%B8_%EC%8D%B8%EB%84%A4%EC%9D%BC-52.png
,미사용,unused/모두의-기하공차GDT_기본_썸네일-54.png,https://cdn.jsdelivr.net/gh/charlotteyoon/wp-image@main/unused/%EB%AA%A8%EB%91%90%EC%9D%98-%EA%B8%B0%ED%95%98%EA%B3%B5%EC%B0%A8GDT_%EA%B8%B0%EB%B3%B8_%EC%8D%B8%EB%84%A4%EC%9D%BC-54.png
,미사용,unused/모두의-기하공차GDT_기본_썸네일-56.png,https://cdn.jsdelivr.net/gh/charlotteyoon/wp-image@main/unused/%EB%AA%A8%EB%91%90%EC%9D%98-%EA%B8%B0%ED%95%98%EA%B3%B5%EC%B0%A8GDT_%EA%B8%B0%EB%B3%B8_%EC%8D%B8%EB%84%A4%EC%9D%BC-56.png
,미사용,unused/모두의-기하공차GDT_기본_썸네일-57.png,https://cdn.jsdelivr.net/gh/charlotteyoon/wp-image@main/unused/%EB%AA%A8%EB%91%90%EC%9D%98-%EA%B8%B0%ED%95%98%EA%B3%B5%EC%B0%A8GDT_%EA%B8%B0%EB%B3%B8_%EC%8D%B8%EB%84%A4%EC%9D%BC-57.png
,미사용,unused/모두의-기하공차GDT_기초_썸네일-28.png,https://cdn.jsdelivr.net/gh/charlotteyoon/wp-image@main/unused/%EB%AA%A8%EB%91%90%EC%9D%98-%EA%B8%B0%ED%95%98%EA%B3%B5%EC%B0%A8GDT_%EA%B8%B0%EC%B4%88_%EC%8D%B8%EB%84%A4%EC%9D%BC-28.png
,미사용,unused/모두의-기하공차GDT_기하공차-해석하기-7-6개의-패턴홀-86-scaled.png,https://cdn.jsdelivr.net/gh/charlotteyoon/wp-image@main/unused/%EB%AA%A8%EB%91%90%EC%9D%98-%EA%B8%B0%ED%95%98%EA%B3%B5%EC%B0%A8GDT_%EA%B8%B0%ED%95%98%EA%B3%B5%EC%B0%A8-%ED%95%B4%EC%84%9D%ED%95%98%EA%B8%B0-7-6%EA%B0%9C%EC%9D%98-%ED%8C%A8%ED%84%B4%ED%99%80-86-scaled.png
,미사용,unused/모두의-기하공차GDT_데이텀-시뮬레이션-10-scaled.png,https://cdn.jsdelivr.net/gh/charlotteyoon/wp-image@main/unused/%EB%AA%A8%EB%91%90%EC%9D%98-%EA%B8%B0%ED%95%98%EA%B3%B5%EC%B0%A8GDT_%EB%8D%B0%EC%9D%B4%ED%85%80-%EC%8B%9C%EB%AE%AC%EB%A0%88%EC%9D%B4%EC%85%98-10-scaled.png
,미사용,unused/모두의-기하공차GDT_데이텀-시뮬레이션-3-scaled.png,https://cdn.jsdelivr.net/gh/charlotteyoon/wp-image@main/unused/%EB%AA%A8%EB%91%90%EC%9D%98-%EA%B8%B0%ED%95%98%EA%B3%B5%EC%B0%A8GDT_%EB%8D%B0%EC%9D%B4%ED%85%80-%EC%8B%9C%EB%AE%AC%EB%A0%88%EC%9D%B4%EC%85%98-3-scaled.png
,미사용,unused/모두의-기하공차GDT_데이텀-시뮬레이션-4-scaled.png,https://cdn.jsdelivr.net/gh/charlotteyoon/wp-image@main/unused/%EB%AA%A8%EB%91%90%EC%9D%98-%EA%B8%B0%ED%95%98%EA%B3%B5%EC%B0%A8GDT_%EB%8D%B0%EC%9D%B4%ED%85%80-%EC%8B%9C%EB%AE%AC%EB%A0%88%EC%9D%B4%EC%85%98-4-scaled.png
,미사용,unused/모두의-기하공차GDT_데이텀-시뮬레이션-5-scaled.png,https://cdn.jsdelivr.net/gh/charlotteyoon/wp-image@main/unused/%EB%AA%A8%EB%91%90%EC%9D%98-%EA%B8%B0%ED%95%98%EA%B3%B5%EC%B0%A8GDT_%EB%8D%B0%EC%9D%B4%ED%85%80-%EC%8B%9C%EB%AE%AC%EB%A0%88%EC%9D%B4%EC%85%98-5-scaled.png
,미사용,unused/모두의-기하공차GDT_데이텀-시뮬레이션-6-scaled.png,https://cdn.jsdelivr.net/gh/charlotteyoon/wp-image@main/unused/%EB%AA%A8%EB%91%90%EC%9D%98-%EA%B8%B0%ED%95%98%EA%B3%B5%EC%B0%A8GDT_%EB%8D%B0%EC%9D%B4%ED%85%80-%EC%8B%9C%EB%AE%AC%EB%A0%88%EC%9D%B4%EC%85%98-6-scaled.png
,미사용,unused/모두의-기하공차GDT_데이텀-시뮬레이션-7-scaled.png,https://cdn.jsdelivr.net/gh/charlotteyoon/wp-image@main/unused/%EB%AA%A8%EB%91%90%EC%9D%98-%EA%B8%B0%ED%95%98%EA%B3%B5%EC%B0%A8GDT_%EB%8D%B0%EC%9D%B4%ED%85%80-%EC%8B%9C%EB%AE%AC%EB%A0%88%EC%9D%B4%EC%85%98-7-scaled.png
,미사용,unused/모두의-기하공차GDT_데이텀-시뮬레이션-8-scaled.png,https://cdn.jsdelivr.net/gh/charlotteyoon/wp-image@main/unused/%EB%AA%A8%EB%91%90%EC%9D%98-%EA%B8%B0%ED%95%98%EA%B3%B5%EC%B0%A8GDT_%EB%8D%B0%EC%9D%B4%ED%85%80-%EC%8B%9C%EB%AE%AC%EB%A0%88%EC%9D%B4%EC%85%98-8-scaled.png
,미사용,unused/모두의-기하공차GDT_데이텀-시뮬레이션-9-1-scaled.png,https://cdn.jsdelivr.net/gh/charlotteyoon/wp-image@main/unused/%EB%AA%A8%EB%91%90%EC%9D%98-%EA%B8%B0%ED%95%98%EA%B3%B5%EC%B0%A8GDT_%EB%8D%B0%EC%9D%B4%ED%85%80-%EC%8B%9C%EB%AE%AC%EB%A0%88%EC%9D%B4%EC%85%98-9-1-scaled.png
,미사용,unused/모두의-기하공차GDT_데이텀-시뮬레이션-9-scaled.png,https://cdn.jsdelivr.net/gh/charlotteyoon/wp-image@main/unused/%EB%AA%A8%EB%91%90%EC%9D%98-%EA%B8%B0%ED%95%98%EA%B3%B5%EC%B0%A8GDT_%EB%8D%B0%EC%9D%B4%ED%85%80-%EC%8B%9C%EB%AE%AC%EB%A0%88%EC%9D%B4%EC%85%98-9-scaled.png
,미사용,unused/모두의-기하공차GDT_베이직-치수-3-scaled.png,https://cdn.jsdelivr.net/gh/charlotteyoon/wp-image@main/unused/%EB%AA%A8%EB%91%90%EC%9D%98-%EA%B8%B0%ED%95%98%EA%B3%B5%EC%B0%A8GDT_%EB%B2%A0%EC%9D%B4%EC%A7%81-%EC%B9%98%EC%88%98-3-scaled.png
,미사용,unused/모두의-기하공차GDT_베이직-치수-7-scaled.png,https://cdn.jsdelivr.net/gh/charlotteyoon/wp-image@main/unused/%EB%AA%A8%EB%91%90%EC%9D%98-%EA%B8%B0%ED%95%98%EA%B3%B5%EC%B0%A8GDT_%EB%B2%A0%EC%9D%B4%EC%A7%81-%EC%B9%98%EC%88%98-7-scaled.png
,미사용,unused/모두의-기하공차GDT_베이직-치수-8-scaled.png,https://cdn.jsdelivr.net/gh/charlotteyoon/wp-image@main/unused/%EB%AA%A8%EB%91%90%EC%9D%98-%EA%B8%B0%ED%95%98%EA%B3%B5%EC%B0%A8GDT_%EB%B2%A0%EC%9D%B4%EC%A7%81-%EC%B9%98%EC%88%98-8-scaled.png
,미사용,unused/모두의-기하공차GDT_실전_썸네일-66.png,https://cdn.jsdelivr.net/gh/charlotteyoon/wp-image@main/unused/%EB%AA%A8%EB%91%90%EC%9D%98-%EA%B8%B0%ED%95%98%EA%B3%B5%EC%B0%A8GDT_%EC%8B%A4%EC%A0%84_%EC%8D%B8%EB%84%A4%EC%9D%BC-66.png
,미사용,unused/모두의-기하공차GDT_실전_썸네일-71.png,https://cdn.jsdelivr.net/gh/charlotteyoon/wp-image@main/unused/%EB%AA%A8%EB%91%90%EC%9D%98-%EA%B8%B0%ED%95%98%EA%B3%B5%EC%B0%A8GDT_%EC%8B%A4%EC%A0%84_%EC%8D%B8%EB%84%A4%EC%9D%BC-71.png
,미사용,unused/모두의-기하공차GDT_일반_썸네일-13.png,https://cdn.jsdelivr.net/gh/charlotteyoon/wp-image@main/unused/%EB%AA%A8%EB%91%90%EC%9D%98-%EA%B8%B0%ED%95%98%EA%B3%B5%EC%B0%A8GDT_%EC%9D%BC%EB%B0%98_%EC%8D%B8%EB%84%A4%EC%9D%BC-13.png
,미사용,unused/모두의-기하공차GDT_치수공차와-기하공차-수학적-비교-13-scaled.png,https://cdn.jsdelivr.net/gh/charlotteyoon/wp-image@main/unused/%EB%AA%A8%EB%91%90%EC%9D%98-%EA%B8%B0%ED%95%98%EA%B3%B5%EC%B0%A8GDT_%EC%B9%98%EC%88%98%EA%B3%B5%EC%B0%A8%EC%99%80-%EA%B8%B0%ED%95%98%EA%B3%B5%EC%B0%A8-%EC%88%98%ED%95%99%EC%A0%81-%EB%B9%84%EA%B5%90-13-scaled.png
,미사용,unused/모두의-기하공차GDT_치수공차와-기하공차-수학적-비교-17-scaled.png,https://cdn.jsdelivr.net/gh/charlotteyoon/wp-image@main/unused/%EB%AA%A8%EB%91%90%EC%9D%98-%EA%B8%B0%ED%95%98%EA%B3%B5%EC%B0%A8GDT_%EC%B9%98%EC%88%98%EA%B3%B5%EC%B0%A8%EC%99%80-%EA%B8%B0%ED%95%98%EA%B3%B5%EC%B0%A8-%EC%88%98%ED%95%99%EC%A0%81-%EB%B9%84%EA%B5%90-17-scaled.png
,미사용,unused/모두의-기하공차GDT_치수공차와-기하공차-수학적-비교-5-scaled.png,https://cdn.jsdelivr.net/gh/charlotteyoon/wp-image@main/unused/%EB%AA%A8%EB%91%90%EC%9D%98-%EA%B8%B0%ED%95%98%EA%B3%B5%EC%B0%A8GDT_%EC%B9%98%EC%88%98%EA%B3%B5%EC%B0%A8%EC%99%80-%EA%B8%B0%ED%95%98%EA%B3%B5%EC%B0%A8-%EC%88%98%ED%95%99%EC%A0%81-%EB%B9%84%EA%B5%90-5-scaled.png
,미사용,unused/모두의-기하공차GDT_치수공차의-한계-6-scaled.png,https://cdn.jsdelivr.net/gh/charlotteyoon/wp-image@main/unused/%EB%AA%A8%EB%91%90%EC%9D%98-%EA%B8%B0%ED%95%98%EA%B3%B5%EC%B0%A8GDT_%EC%B9%98%EC%88%98%EA%B3%B5%EC%B0%A8%EC%9D%98-%ED%95%9C%EA%B3%84-6-scaled.png
,미사용,unused/모두의-기하공차GDT_힐링자기계발서-9-scaled.png,https://cdn.jsdelivr.net/gh/charlotteyoon/wp-image@main/unused/%EB%AA%A8%EB%91%90%EC%9D%98-%EA%B8%B0%ED%95%98%EA%B3%B5%EC%B0%A8GDT_%ED%9E%90%EB%A7%81%EC%9E%90%EA%B8%B0%EA%B3%84%EB%B0%9C%EC%84%9C-9-scaled.png
,미사용,unused/모두의-기하공차GDT_힐링자기계발서-9-사본-2-scaled.png,https://cdn.jsdelivr.net/gh/charlotteyoon/wp-image@main/unused/%EB%AA%A8%EB%91%90%EC%9D%98-%EA%B8%B0%ED%95%98%EA%B3%B5%EC%B0%A8GDT_%ED%9E%90%EB%A7%81%EC%9E%90%EA%B8%B0%EA%B3%84%EB%B0%9C%EC%84%9C-9-%EC%82%AC%EB%B3%B8-2-scaled.png
,미사용,unused/모두의-기하공차GDT_힐링자기계발서_편집작업_-35@8x-8-scaled.png,https://cdn.jsdelivr.net/gh/charlotteyoon/wp-image@main/unused/%EB%AA%A8%EB%91%90%EC%9D%98-%EA%B8%B0%ED%95%98%EA%B3%B5%EC%B0%A8GDT_%ED%9E%90%EB%A7%81%EC%9E%90%EA%B8%B0%EA%B3%84%EB%B0%9C%EC%84%9C_%ED%8E%B8%EC%A7%91%EC%9E%91%EC%97%85_-35%408x-8-scaled.png
,미사용,unused/모두의-기하공차_아이콘.png,https://cdn.jsdelivr.net/gh/charlotteyoon/wp-image@main/unused/%EB%AA%A8%EB%91%90%EC%9D%98-%EA%B8%B0%ED%95%98%EA%B3%B5%EC%B0%A8_%EC%95%84%EC%9D%B4%EC%BD%98.png
,미사용,unused/서피스-해석과-중심축-해석_1-scaled.png,https://cdn.jsdelivr.net/gh/charlotteyoon/wp-image@main/unused/%EC%84%9C%ED%94%BC%EC%8A%A4-%ED%95%B4%EC%84%9D%EA%B3%BC-%EC%A4%91%EC%8B%AC%EC%B6%95-%ED%95%B4%EC%84%9D_1-scaled.png
,미사용,unused/힐링자기계발서_크몽배너-scaled.png,https://cdn.jsdelivr.net/gh/charlotteyoon/wp-image@main/unused/%ED%9E%90%EB%A7%81%EC%9E%90%EA%B8%B0%EA%B3%84%EB%B0%9C%EC%84%9C_%ED%81%AC%EB%AA%BD%EB%B0%B0%EB%84%88-scaled.png
6개-방향으로-공차를-통제할-수-있게-하는-6자유도,본문,posts/datum-27-six-directions/datum-27-six-directions-datum-feature-symbol-v2.png,https://cdn.jsdelivr.net/gh/charlotteyoon/wp-image@main/posts/datum-27-six-directions/datum-27-six-directions-datum-feature-symbol-v2.png
6개-방향으로-공차를-통제할-수-있게-하는-6자유도,본문,posts/datum-27-six-directions/datum-27-six-directions-fcf-position-abc.png,https://cdn.jsdelivr.net/gh/charlotteyoon/wp-image@main/posts/datum-27-six-directions/datum-27-six-directions-fcf-position-abc.png
6자유도-스마트폰,본문,posts/datum-28-six-dof/datum-28-six-dof-phone-on-desk.jpg,https://cdn.jsdelivr.net/gh/charlotteyoon/wp-image@main/posts/datum-28-six-dof/datum-28-six-dof-phone-on-desk.jpg
6자유도-스마트폰,본문,posts/datum-28-six-dof/datum-28-six-dof-phone-move-left-right.jpg,https://cdn.jsdelivr.net/gh/charlotteyoon/wp-image@main/posts/datum-28-six-dof/datum-28-six-dof-phone-move-left-right.jpg
6자유도-스마트폰,본문,posts/datum-28-six-dof/datum-28-six-dof-phone-move-front-back.jpg,https://cdn.jsdelivr.net/gh/charlotteyoon/wp-image@main/posts/datum-28-six-dof/datum-28-six-dof-phone-move-front-back.jpg
6자유도-스마트폰,본문,posts/datum-28-six-dof/datum-28-six-dof-phone-move-up-down.jpg,https://cdn.jsdelivr.net/gh/charlotteyoon/wp-image@main/posts/datum-28-six-dof/datum-28-six-dof-phone-move-up-down.jpg
6자유도-스마트폰,본문,posts/datum-28-six-dof/datum-28-six-dof-phone-rotate-clockwise.jpg,https://cdn.jsdelivr.net/gh/charlotteyoon/wp-image@main/posts/datum-28-six-dof/datum-28-six-dof-phone-rotate-clockwise.jpg
6자유도-스마트폰,본문,posts/datum-28-six-dof/datum-28-six-dof-phone-rotate-left-right.jpg,https://cdn.jsdelivr.net/gh/charlotteyoon/wp-image@main/posts/datum-28-six-dof/datum-28-six-dof-phone-rotate-left-right.jpg
6자유도-스마트폰,본문,posts/datum-28-six-dof/datum-28-six-dof-phone-rotate-front-back.jpg,https://cdn.jsdelivr.net/gh/charlotteyoon/wp-image@main/posts/datum-28-six-dof/datum-28-six-dof-phone-rotate-front-back.jpg
6자유도-스마트폰,본문,posts/datum-28-six-dof/datum-28-six-dof-desk-constrained-dof.jpg,https://cdn.jsdelivr.net/gh/charlotteyoon/wp-image@main/posts/datum-28-six-dof/datum-28-six-dof-desk-constrained-dof.jpg
데이텀-피쳐의-식별,본문,posts/datum-31-feature-identification/datum-31-feature-identification-datum-feature-symbol-v2.png,https://cdn.jsdelivr.net/gh/charlotteyoon/wp-image@main/posts/datum-31-feature-identification/datum-31-feature-identification-datum-feature-symbol-v2.png
데이텀-피쳐의-식별,본문,posts/datum-31-feature-identification/datum-31-feature-identification-datum-placement-surface-vs-size-v2.png,https://cdn.jsdelivr.net/gh/charlotteyoon/wp-image@main/posts/datum-31-feature-identification/datum-31-feature-identification-datum-placement-surface-vs-size-v2.png
데이텀-피쳐의-식별,본문,posts/datum-31-feature-identification/datum-31-feature-identification-flange-datum-plane-v2.png,https://cdn.jsdelivr.net/gh/charlotteyoon/wp-image@main/posts/datum-31-feature-identification/datum-31-feature-identification-flange-datum-plane-v2.png
데이텀-피쳐의-식별,본문,posts/datum-31-feature-identification/datum-31-feature-identification-flange-datum-axis-v2.png,https://cdn.jsdelivr.net/gh/charlotteyoon/wp-image@main/posts/datum-31-feature-identification/datum-31-feature-identification-flange-datum-axis-v2.png
데이텀-피쳐의-식별,본문,posts/datum-31-feature-identification/datum-31-feature-identification-datum-placement-methods-block-v2.png,https://cdn.jsdelivr.net/gh/charlotteyoon/wp-image@main/posts/datum-31-feature-identification/datum-31-feature-identification-datum-placement-methods-block-v2.png
데이텀-피쳐의-식별,본문,posts/datum-31-feature-identification/datum-31-feature-identification-datum-placement-methods-flange-v2.png,https://cdn.jsdelivr.net/gh/charlotteyoon/wp-image@main/posts/datum-31-feature-identification/datum-31-feature-identification-datum-placement-methods-flange-v2.png
데이텀-피쳐의-식별,본문,posts/datum-31-feature-identification/datum-31-feature-identification-datum-placement-isometric-v2.png,https://cdn.jsdelivr.net/gh/charlotteyoon/wp-image@main/posts/datum-31-feature-identification/datum-31-feature-identification-datum-placement-isometric-v2.png
데이텀-피쳐의-식별,본문,posts/datum-31-feature-identification/datum-31-feature-identification-datum-plane-vs-center-plane-v2.png,https://cdn.jsdelivr.net/gh/charlotteyoon/wp-image@main/posts/datum-31-feature-identification/datum-31-feature-identification-datum-plane-vs-center-plane-v2.png
데이텀-피쳐의-식별,본문,posts/datum-31-feature-identification/datum-31-feature-identification-ambiguous-datum-axis-diameter-v2.png,https://cdn.jsdelivr.net/gh/charlotteyoon/wp-image@main/posts/datum-31-feature-identification/datum-31-feature-identification-ambiguous-datum-axis-diameter-v2.png
데이텀-정의,본문,posts/datum-33-what-is-datum/datum-33-what-is-datum-asme-datum-section-general.png,https://cdn.jsdelivr.net/gh/charlotteyoon/wp-image@main/posts/datum-33-what-is-datum/datum-33-what-is-datum-asme-datum-section-general.png
데이텀-정의,본문,posts/datum-33-what-is-datum/datum-33-what-is-datum-asme-def-datum.png,https://cdn.jsdelivr.net/gh/charlotteyoon/wp-image@main/posts/datum-33-what-is-datum/datum-33-what-is-datum-asme-def-datum.png
데이텀-정의,본문,posts/datum-33-what-is-datum/datum-33-what-is-datum-asme-def-datum-revisit.png,https://cdn.jsdelivr.net/gh/charlotteyoon/wp-image@main/posts/datum-33-what-is-datum/datum-33-what-is-datum-asme-def-datum-revisit.png
데이텀-정의,본문,posts/datum-33-what-is-datum/datum-33-what-is-datum-asme-def-true-geometric-counterpart.png,https://cdn.jsdelivr.net/gh/charlotteyoon/wp-image@main/posts/datum-33-what-is-datum/datum-33-what-is-datum-asme-def-true-geometric-counterpart.png
데이텀-정의,본문,posts/datum-33-what-is-datum/datum-33-what-is-datum-asme-def-datum-feature.png,https://cdn.jsdelivr.net/gh/charlotteyoon/wp-image@main/posts/datum-33-what-is-datum/datum-33-what-is-datum-asme-def-datum-feature.png
데이텀-정의,본문,posts/datum-33-what-is-datum/datum-33-what-is-datum-datum-feature-tgc-datum-flow.png,https://cdn.jsdelivr.net/gh/charlotteyoon/wp-image@main/posts/datum-33-what-is-datum/datum-33-what-is-datum-datum-feature-tgc-datum-flow.png
데이텀-정의,본문,posts/datum-33-what-is-datum/datum-33-what-is-datum-datum-feature-symbols-drawing-v2.png,https://cdn.jsdelivr.net/gh/charlotteyoon/wp-image@main/posts/datum-33-what-is-datum/datum-33-what-is-datum-datum-feature-symbols-drawing-v2.png
데이텀-정의,본문,posts/datum-33-what-is-datum/datum-33-what-is-datum-datum-reference-order-drawing-v2.png,https://cdn.jsdelivr.net/gh/charlotteyoon/wp-image@main/posts/datum-33-what-is-datum/datum-33-what-is-datum-datum-reference-order-drawing-v2.png
데이텀-정의,본문,posts/datum-33-what-is-datum/datum-33-what-is-datum-datum-references-in-fcf-v2.png,https://cdn.jsdelivr.net/gh/charlotteyoon/wp-image@main/posts/datum-33-what-is-datum/datum-33-what-is-datum-datum-references-in-fcf-v2.png
데이텀-정의,본문,posts/datum-33-what-is-datum/datum-33-what-is-datum-gdt-summary-table-datum.png,https://cdn.jsdelivr.net/gh/charlotteyoon/wp-image@main/posts/datum-33-what-is-datum/datum-33-what-is-datum-gdt-summary-table-datum.png
우리가-측정에서-다루는-데이텀은-진짜-데이텀이-아,본문,posts/datum-34-simulated-datum/datum-34-simulated-datum-asme-def-datum.png,https://cdn.jsdelivr.net/gh/charlotteyoon/wp-image@main/posts/datum-34-simulated-datum/datum-34-simulated-datum-asme-def-datum.png
우리가-측정에서-다루는-데이텀은-진짜-데이텀이-아,본문,posts/datum-34-simulated-datum/datum-34-simulated-datum-asme-def-datum-plain.png,https://cdn.jsdelivr.net/gh/charlotteyoon/wp-image@main/posts/datum-34-simulated-datum/datum-34-simulated-datum-asme-def-datum-plain.png
우리가-측정에서-다루는-데이텀은-진짜-데이텀이-아,본문,posts/datum-34-simulated-datum/datum-34-simulated-datum-asme-def-simulated-datum.png,https://cdn.jsdelivr.net/gh/charlotteyoon/wp-image@main/posts/datum-34-simulated-datum/datum-34-simulated-datum-asme-def-simulated-datum.png
우리가-측정에서-다루는-데이텀은-진짜-데이텀이-아,본문,posts/datum-34-simulated-datum/datum-34-simulated-datum-profile-datum-a-drawing-v2.png,https://cdn.jsdelivr.net/gh/charlotteyoon/wp-image@main/posts/datum-34-simulated-datum/datum-34-simulated-datum-profile-datum-a-drawing-v2.png
우리가-측정에서-다루는-데이텀은-진짜-데이텀이-아,본문,posts/datum-34-simulated-datum/datum-34-simulated-datum-ideal-vs-actual-part-v2.png,https://cdn.jsdelivr.net/gh/charlotteyoon/wp-image@main/posts/datum-34-simulated-datum/datum-34-simulated-datum-ideal-vs-actual-part-v2.png
우리가-측정에서-다루는-데이텀은-진짜-데이텀이-아,본문,posts/datum-34-simulated-datum/datum-34-simulated-datum-actual-datum-feature-v2.png,https://cdn.jsdelivr.net/gh/charlotteyoon/wp-image@main/posts/datum-34-simulated-datum/datum-34-simulated-datum-actual-datum-feature-v2.png
우리가-측정에서-다루는-데이텀은-진짜-데이텀이-아,본문,posts/datum-34-simulated-datum/datum-34-simulated-datum-height-gauge-actual-datum.png,https://cdn.jsdelivr.net/gh/charlotteyoon/wp-image@main/posts/datum-34-simulated-datum/datum-34-simulated-datum-height-gauge-actual-datum.png
우리가-측정에서-다루는-데이텀은-진짜-데이텀이-아,본문,posts/datum-34-simulated-datum/datum-34-simulated-datum-part-rocking-on-plate.png,https://cdn.jsdelivr.net/gh/charlotteyoon/wp-image@main/posts/datum-34-simulated-datum/datum-34-simulated-datum-part-rocking-on-plate.png
우리가-측정에서-다루는-데이텀은-진짜-데이텀이-아,본문,posts/datum-34-simulated-datum/datum-34-simulated-datum-simulator-derived-datum.png,https://cdn.jsdelivr.net/gh/charlotteyoon/wp-image@main/posts/datum-34-simulated-datum/datum-34-simulated-datum-simulator-derived-datum.png
우리가-측정에서-다루는-데이텀은-진짜-데이텀이-아,본문,posts/datum-34-simulated-datum/datum-34-simulated-datum-actual-vs-simulated-measure.png,https://cdn.jsdelivr.net/gh/charlotteyoon/wp-image@main/posts/datum-34-simulated-datum/datum-34-simulated-datum-actual-vs-simulated-measure.png
우리가-측정에서-다루는-데이텀은-진짜-데이텀이-아,본문,posts/datum-34-simulated-datum/datum-34-simulated-datum-profile-zone-from-simulator.png,https://cdn.jsdelivr.net/gh/charlotteyoon/wp-image@main/posts/datum-34-simulated-datum/datum-34-simulated-datum-profile-zone-from-simulator.png
우리가-측정에서-다루는-데이텀은-진짜-데이텀이-아,본문,posts/datum-34-simulated-datum/datum-34-simulated-datum-datum-mismatch-closeup-v2.png,https://cdn.jsdelivr.net/gh/charlotteyoon/wp-image@main/posts/datum-34-simulated-datum/datum-34-simulated-datum-datum-mismatch-closeup-v2.png
해석법-4단계,본문,posts/draft-4step-interpretation/draft-4step-interpretation-fcf-four-elements-v2.png,https://cdn.jsdelivr.net/gh/charlotteyoon/wp-image@main/posts/draft-4step-interpretation/draft-4step-interpretation-fcf-four-elements-v2.png
해석법-4단계,본문,posts/draft-4step-interpretation/draft-4step-interpretation-four-step-overview.png,https://cdn.jsdelivr.net/gh/charlotteyoon/wp-image@main/posts/draft-4step-interpretation/draft-4step-interpretation-four-step-overview.png
해석법-4단계,본문,posts/draft-4step-interpretation/draft-4step-interpretation-gdt-summary-table.png,https://cdn.jsdelivr.net/gh/charlotteyoon/wp-image@main/posts/draft-4step-interpretation/draft-4step-interpretation-gdt-summary-table.png
해석법-4단계,본문,posts/draft-4step-interpretation/draft-4step-interpretation-summary-table-feature-type.png,https://cdn.jsdelivr.net/gh/charlotteyoon/wp-image@main/posts/draft-4step-interpretation/draft-4step-interpretation-summary-table-feature-type.png
해석법-4단계,본문,posts/draft-4step-interpretation/draft-4step-interpretation-surface-size-venn.png,https://cdn.jsdelivr.net/gh/charlotteyoon/wp-image@main/posts/draft-4step-interpretation/draft-4step-interpretation-surface-size-venn.png
해석법-4단계,본문,posts/draft-4step-interpretation/draft-4step-interpretation-summary-table-tolerance-type.png,https://cdn.jsdelivr.net/gh/charlotteyoon/wp-image@main/posts/draft-4step-interpretation/draft-4step-interpretation-summary-table-tolerance-type.png
해석법-4단계,본문,posts/draft-4step-interpretation/draft-4step-interpretation-tolerance-symbol-meanings.png,https://cdn.jsdelivr.net/gh/charlotteyoon/wp-image@main/posts/draft-4step-interpretation/draft-4step-interpretation-tolerance-symbol-meanings.png
해석법-4단계,본문,posts/draft-4step-interpretation/draft-4step-interpretation-summary-table-tolerance-zone.png,https://cdn.jsdelivr.net/gh/charlotteyoon/wp-image@main/posts/draft-4step-interpretation/draft-4step-interpretation-summary-table-tolerance-zone.png
해석법-4단계,본문,posts/draft-4step-interpretation/draft-4step-interpretation-summary-table-datum.png,https://cdn.jsdelivr.net/gh/charlotteyoon/wp-image@main/posts/draft-4step-interpretation/draft-4step-interpretation-summary-table-datum.png
기하공차-정의하기-1,본문,posts/draft-define-gdt-1/draft-define-gdt-1-plate-hole-drawing-v2.png,https://cdn.jsdelivr.net/gh/charlotteyoon/wp-image@main/posts/draft-define-gdt-1/draft-define-gdt-1-plate-hole-drawing-v2.png
기하공차-정의하기-1,본문,posts/draft-define-gdt-1/draft-define-gdt-1-datum-features-abc-v2.png,https://cdn.jsdelivr.net/gh/charlotteyoon/wp-image@main/posts/draft-define-gdt-1/draft-define-gdt-1-datum-features-abc-v2.png
기하공차-정의하기-1,본문,posts/draft-define-gdt-1/draft-define-gdt-1-datum-form-orientation-v2.png,https://cdn.jsdelivr.net/gh/charlotteyoon/wp-image@main/posts/draft-define-gdt-1/draft-define-gdt-1-datum-form-orientation-v2.png
기하공차-정의하기-1,본문,posts/draft-define-gdt-1/draft-define-gdt-1-basic-size-tolerance-v2.png,https://cdn.jsdelivr.net/gh/charlotteyoon/wp-image@main/posts/draft-define-gdt-1/draft-define-gdt-1-basic-size-tolerance-v2.png
기하공차-정의하기-1,본문,posts/draft-define-gdt-1/draft-define-gdt-1-hole-position-fcf-v2.png,https://cdn.jsdelivr.net/gh/charlotteyoon/wp-image@main/posts/draft-define-gdt-1/draft-define-gdt-1-hole-position-fcf-v2.png
사이즈-노미널,본문,posts/draft-size-mmc-lmc/draft-size-mmc-lmc-asme-def-nominal-size.png,https://cdn.jsdelivr.net/gh/charlotteyoon/wp-image@main/posts/draft-size-mmc-lmc/draft-size-mmc-lmc-asme-def-nominal-size.png
사이즈-노미널,본문,posts/draft-size-mmc-lmc/draft-size-mmc-lmc-equal-bilateral-tolerance-v2.jpg,https://cdn.jsdelivr.net/gh/charlotteyoon/wp-image@main/posts/draft-size-mmc-lmc/draft-size-mmc-lmc-equal-bilateral-tolerance-v2.jpg
사이즈-노미널,본문,posts/draft-size-mmc-lmc/draft-size-mmc-lmc-limit-dimension-v2.jpg,https://cdn.jsdelivr.net/gh/charlotteyoon/wp-image@main/posts/draft-size-mmc-lmc/draft-size-mmc-lmc-limit-dimension-v2.jpg
사이즈-노미널,본문,posts/draft-size-mmc-lmc/draft-size-mmc-lmc-unilateral-tolerance-v2.jpg,https://cdn.jsdelivr.net/gh/charlotteyoon/wp-image@main/posts/draft-size-mmc-lmc/draft-size-mmc-lmc-unilateral-tolerance-v2.jpg
사이즈-노미널,본문,posts/draft-size-mmc-lmc/draft-size-mmc-lmc-unequal-bilateral-tolerance-v2.jpg,https://cdn.jsdelivr.net/gh/charlotteyoon/wp-image@main/posts/draft-size-mmc-lmc/draft-size-mmc-lmc-unequal-bilateral-tolerance-v2.jpg
사이즈-노미널,본문,posts/draft-size-mmc-lmc/draft-size-mmc-lmc-general-tolerance-v2.jpg,https://cdn.jsdelivr.net/gh/charlotteyoon/wp-image@main/posts/draft-size-mmc-lmc/draft-size-mmc-lmc-general-tolerance-v2.jpg
사이즈-노미널,본문,posts/draft-size-mmc-lmc/draft-size-mmc-lmc-nominal-comparison.jpg,https://cdn.jsdelivr.net/gh/charlotteyoon/wp-image@main/posts/draft-size-mmc-lmc/draft-size-mmc-lmc-nominal-comparison.jpg
사이즈-노미널,본문,posts/draft-size-mmc-lmc/draft-size-mmc-lmc-mmc-lmc-comparison.jpg,https://cdn.jsdelivr.net/gh/charlotteyoon/wp-image@main/posts/draft-size-mmc-lmc/draft-size-mmc-lmc-mmc-lmc-comparison.jpg
(초안:MMC(LMC)에서 정의된 기하공차는 서피스 관점에서 평가한다.),본문,posts/draft-surface-eval/draft-surface-eval-hole-position-mmc-drawing-v2.png,https://cdn.jsdelivr.net/gh/charlotteyoon/wp-image@main/posts/draft-surface-eval/draft-surface-eval-hole-position-mmc-drawing-v2.png
(초안:MMC(LMC)에서 정의된 기하공차는 서피스 관점에서 평가한다.),본문,posts/draft-surface-eval/draft-surface-eval-irregular-actual-hole-v2.png,https://cdn.jsdelivr.net/gh/charlotteyoon/wp-image@main/posts/draft-surface-eval/draft-surface-eval-irregular-actual-hole-v2.png
(초안:MMC(LMC)에서 정의된 기하공차는 서피스 관점에서 평가한다.),본문,posts/draft-surface-eval/draft-surface-eval-axis-tolerance-zone.png,https://cdn.jsdelivr.net/gh/charlotteyoon/wp-image@main/posts/draft-surface-eval/draft-surface-eval-axis-tolerance-zone.png
(초안:MMC(LMC)에서 정의된 기하공차는 서피스 관점에서 평가한다.),본문,posts/draft-surface-eval/draft-surface-eval-hole-ame-axis-v2.png,https://cdn.jsdelivr.net/gh/charlotteyoon/wp-image@main/posts/draft-surface-eval/draft-surface-eval-hole-ame-axis-v2.png
(초안:MMC(LMC)에서 정의된 기하공차는 서피스 관점에서 평가한다.),본문,posts/draft-surface-eval/draft-surface-eval-mmc-modifier-highlight-v2.png,https://cdn.jsdelivr.net/gh/charlotteyoon/wp-image@main/posts/draft-surface-eval/draft-surface-eval-mmc-modifier-highlight-v2.png
(초안:MMC(LMC)에서 정의된 기하공차는 서피스 관점에서 평가한다.),본문,posts/draft-surface-eval/draft-surface-eval-vc-boundary.png,https://cdn.jsdelivr.net/gh/charlotteyoon/wp-image@main/posts/draft-surface-eval/draft-surface-eval-vc-boundary.png
(초안:MMC(LMC)에서 정의된 기하공차는 서피스 관점에서 평가한다.),본문,posts/draft-surface-eval/draft-surface-eval-hole-surface-vs-vc-v2.png,https://cdn.jsdelivr.net/gh/charlotteyoon/wp-image@main/posts/draft-surface-eval/draft-surface-eval-hole-surface-vs-vc-v2.png
기하공차-공차영역,본문,posts/draft-tolerance-zone/draft-tolerance-zone-fcf-tolerance-zone-value-v2.png,https://cdn.jsdelivr.net/gh/charlotteyoon/wp-image@main/posts/draft-tolerance-zone/draft-tolerance-zone-fcf-tolerance-zone-value-v2.png
기하공차-공차영역,본문,posts/draft-tolerance-zone/draft-tolerance-zone-surface-types-zones.png,https://cdn.jsdelivr.net/gh/charlotteyoon/wp-image@main/posts/draft-tolerance-zone/draft-tolerance-zone-surface-types-zones.png
기하공차-공차영역,본문,posts/draft-tolerance-zone/draft-tolerance-zone-width-cylinder-sphere-zones.png,https://cdn.jsdelivr.net/gh/charlotteyoon/wp-image@main/posts/draft-tolerance-zone/draft-tolerance-zone-width-cylinder-sphere-zones.png
기하공차-공차영역,본문,posts/draft-tolerance-zone/draft-tolerance-zone-3d-tolerance-zones.png,https://cdn.jsdelivr.net/gh/charlotteyoon/wp-image@main/posts/draft-tolerance-zone/draft-tolerance-zone-3d-tolerance-zones.png
기하공차-공차영역,본문,posts/draft-tolerance-zone/draft-tolerance-zone-2d-section-tolerance-zones.png,https://cdn.jsdelivr.net/gh/charlotteyoon/wp-image@main/posts/draft-tolerance-zone/draft-tolerance-zone-2d-section-tolerance-zones.png
기하공차-공차영역,본문,posts/draft-tolerance-zone/draft-tolerance-zone-flatness-vs-straightness-zone.png,https://cdn.jsdelivr.net/gh/charlotteyoon/wp-image@main/posts/draft-tolerance-zone/draft-tolerance-zone-flatness-vs-straightness-zone.png
기하공차-공차영역,본문,posts/draft-tolerance-zone/draft-tolerance-zone-flange-drawing-zone-sizes-v2.png,https://cdn.jsdelivr.net/gh/charlotteyoon/wp-image@main/posts/draft-tolerance-zone/draft-tolerance-zone-flange-drawing-zone-sizes-v2.png
rule-1,본문,posts/gibon-g00/gibon-g00-asme-def-rule-1.png,https://cdn.jsdelivr.net/gh/charlotteyoon/wp-image@main/posts/gibon-g00/gibon-g00-asme-def-rule-1.png
rule-1,본문,posts/gibon-g00/gibon-g00-envelope-hole-pin.png,https://cdn.jsdelivr.net/gh/charlotteyoon/wp-image@main/posts/gibon-g00/gibon-g00-envelope-hole-pin.png
asme-rule2,본문,posts/gibon-g01/gibon-g01-asme-def-rule-2.png,https://cdn.jsdelivr.net/gh/charlotteyoon/wp-image@main/posts/gibon-g01/gibon-g01-asme-def-rule-2.png
asme-rule2,본문,posts/gibon-g01/gibon-g01-fcf-rfs.png,https://cdn.jsdelivr.net/gh/charlotteyoon/wp-image@main/posts/gibon-g01/gibon-g01-fcf-rfs.png
asme-rule2,본문,posts/gibon-g01/gibon-g01-fcf-mmc-modifier-v2.png,https://cdn.jsdelivr.net/gh/charlotteyoon/wp-image@main/posts/gibon-g01/gibon-g01-fcf-mmc-modifier-v2.png
asme-rule2,본문,posts/gibon-g01/gibon-g01-fcf-lmc-modifier-v2.png,https://cdn.jsdelivr.net/gh/charlotteyoon/wp-image@main/posts/gibon-g01/gibon-g01-fcf-lmc-modifier-v2.png
asme-rule2,본문,posts/gibon-g01/gibon-g01-fcf-rmb-datum.png,https://cdn.jsdelivr.net/gh/charlotteyoon/wp-image@main/posts/gibon-g01/gibon-g01-fcf-rmb-datum.png
asme-rule2,본문,posts/gibon-g01/gibon-g01-fcf-mmb-datum-v2.png,https://cdn.jsdelivr.net/gh/charlotteyoon/wp-image@main/posts/gibon-g01/gibon-g01-fcf-mmb-datum-v2.png
asme-rule2,본문,posts/gibon-g01/gibon-g01-fcf-lmb-datum-v2.png,https://cdn.jsdelivr.net/gh/charlotteyoon/wp-image@main/posts/gibon-g01/gibon-g01-fcf-lmb-datum-v2.png
fcf-배치로-결정되는-규제-대상-서피스-피쳐-vs-사이즈,본문,posts/gibon-g02/gibon-g02-c-block-fcf-placement-v2.png,https://cdn.jsdelivr.net/gh/charlotteyoon/wp-image@main/posts/gibon-g02/gibon-g02-c-block-fcf-placement-v2.png
fcf-배치로-결정되는-규제-대상-서피스-피쳐-vs-사이즈,본문,posts/gibon-g02/gibon-g02-flange-fcf-placement-v2.png,https://cdn.jsdelivr.net/gh/charlotteyoon/wp-image@main/posts/gibon-g02/gibon-g02-flange-fcf-placement-v2.png
fcf-배치로-결정되는-규제-대상-서피스-피쳐-vs-사이즈,본문,posts/gibon-g02/gibon-g02-c-block-surface-vs-size.png,https://cdn.jsdelivr.net/gh/charlotteyoon/wp-image@main/posts/gibon-g02/gibon-g02-c-block-surface-vs-size.png
fcf-배치로-결정되는-규제-대상-서피스-피쳐-vs-사이즈,본문,posts/gibon-g02/gibon-g02-cylinder-surface-vs-size.png,https://cdn.jsdelivr.net/gh/charlotteyoon/wp-image@main/posts/gibon-g02/gibon-g02-cylinder-surface-vs-size.png
fcf-배치로-결정되는-규제-대상-서피스-피쳐-vs-사이즈,본문,posts/gibon-g02/gibon-g02-surface-size-venn.png,https://cdn.jsdelivr.net/gh/charlotteyoon/wp-image@main/posts/gibon-g02/gibon-g02-surface-size-venn.png
fcf-배치로-결정되는-규제-대상-서피스-피쳐-vs-사이즈,본문,posts/gibon-g02/gibon-g02-surface-vs-center-element.png,https://cdn.jsdelivr.net/gh/charlotteyoon/wp-image@main/posts/gibon-g02/gibon-g02-surface-vs-center-element.png
fcf-읽는-방법,본문,posts/gibon-g03/gibon-g03-fcf-structure-v2.png,https://cdn.jsdelivr.net/gh/charlotteyoon/wp-image@main/posts/gibon-g03/gibon-g03-fcf-structure-v2.png
fcf-읽는-방법,본문,posts/gibon-g03/gibon-g03-gdt-language-analogy.png,https://cdn.jsdelivr.net/gh/charlotteyoon/wp-image@main/posts/gibon-g03/gibon-g03-gdt-language-analogy.png
fcf-읽는-방법,본문,posts/gibon-g03/gibon-g03-flange-drawing-fcfs-v2.png,https://cdn.jsdelivr.net/gh/charlotteyoon/wp-image@main/posts/gibon-g03/gibon-g03-flange-drawing-fcfs-v2.png
fcf-읽는-방법,본문,posts/gibon-g03/gibon-g03-fcf-flatness-bottom-v2.png,https://cdn.jsdelivr.net/gh/charlotteyoon/wp-image@main/posts/gibon-g03/gibon-g03-fcf-flatness-bottom-v2.png
fcf-읽는-방법,본문,posts/gibon-g03/gibon-g03-fcf-profile-boss-top-v2.png,https://cdn.jsdelivr.net/gh/charlotteyoon/wp-image@main/posts/gibon-g03/gibon-g03-fcf-profile-boss-top-v2.png
fcf-읽는-방법,본문,posts/gibon-g03/gibon-g03-fcf-perpendicularity-boss-v2.png,https://cdn.jsdelivr.net/gh/charlotteyoon/wp-image@main/posts/gibon-g03/gibon-g03-fcf-perpendicularity-boss-v2.png
fcf-읽는-방법,본문,posts/gibon-g03/gibon-g03-fcf-position-bore-v2.png,https://cdn.jsdelivr.net/gh/charlotteyoon/wp-image@main/posts/gibon-g03/gibon-g03-fcf-position-bore-v2.png
fcf-읽는-방법,본문,posts/gibon-g03/gibon-g03-fcf-position-pattern-holes-v2.png,https://cdn.jsdelivr.net/gh/charlotteyoon/wp-image@main/posts/gibon-g03/gibon-g03-fcf-position-pattern-holes-v2.png
fcf-읽는-방법,본문,posts/gibon-g03/gibon-g03-fcf-general-profile-v2.png,https://cdn.jsdelivr.net/gh/charlotteyoon/wp-image@main/posts/gibon-g03/gibon-g03-fcf-general-profile-v2.png
fcf-읽는-방법,본문,posts/gibon-g03/gibon-g03-general-profile-surfaces.png,https://cdn.jsdelivr.net/gh/charlotteyoon/wp-image@main/posts/gibon-g03/gibon-g03-general-profile-surfaces.png
fcf-피쳐-컨트롤-프레임,본문,posts/gibon-g04/gibon-g04-flange-drawing-fcf-zoom-v2.png,https://cdn.jsdelivr.net/gh/charlotteyoon/wp-image@main/posts/gibon-g04/gibon-g04-flange-drawing-fcf-zoom-v2.png
fcf-피쳐-컨트롤-프레임,본문,posts/gibon-g04/gibon-g04-fcf-leader-to-feature-v2.png,https://cdn.jsdelivr.net/gh/charlotteyoon/wp-image@main/posts/gibon-g04/gibon-g04-fcf-leader-to-feature-v2.png
fcf-피쳐-컨트롤-프레임,본문,posts/gibon-g04/gibon-g04-fcf-tolerance-type-cell-v2.png,https://cdn.jsdelivr.net/gh/charlotteyoon/wp-image@main/posts/gibon-g04/gibon-g04-fcf-tolerance-type-cell-v2.png
fcf-피쳐-컨트롤-프레임,본문,posts/gibon-g04/gibon-g04-geometric-symbols-14-v2.png,https://cdn.jsdelivr.net/gh/charlotteyoon/wp-image@main/posts/gibon-g04/gibon-g04-geometric-symbols-14-v2.png
fcf-피쳐-컨트롤-프레임,본문,posts/gibon-g04/gibon-g04-fcf-tolerance-zone-cell-v2.png,https://cdn.jsdelivr.net/gh/charlotteyoon/wp-image@main/posts/gibon-g04/gibon-g04-fcf-tolerance-zone-cell-v2.png
fcf-피쳐-컨트롤-프레임,본문,posts/gibon-g04/gibon-g04-tolerance-zone-shapes-v2.png,https://cdn.jsdelivr.net/gh/charlotteyoon/wp-image@main/posts/gibon-g04/gibon-g04-tolerance-zone-shapes-v2.png
fcf-피쳐-컨트롤-프레임,본문,posts/gibon-g04/gibon-g04-fcf-datum-feature-cells-v2.png,https://cdn.jsdelivr.net/gh/charlotteyoon/wp-image@main/posts/gibon-g04/gibon-g04-fcf-datum-feature-cells-v2.png
fcf-피쳐-컨트롤-프레임,본문,posts/gibon-g04/gibon-g04-fcf-datum-reference-count-v2.png,https://cdn.jsdelivr.net/gh/charlotteyoon/wp-image@main/posts/gibon-g04/gibon-g04-fcf-datum-reference-count-v2.png
fcf-피쳐-컨트롤-프레임,본문,posts/gibon-g04/gibon-g04-fcf-structure-v2.png,https://cdn.jsdelivr.net/gh/charlotteyoon/wp-image@main/posts/gibon-g04/gibon-g04-fcf-structure-v2.png
체계로서의-gdt,본문,posts/gibon-g05/gibon-g05-dt-vs-gdt-table.png,https://cdn.jsdelivr.net/gh/charlotteyoon/wp-image@main/posts/gibon-g05/gibon-g05-dt-vs-gdt-table.png
체계로서의-gdt,본문,posts/gibon-g05/gibon-g05-food-illustrations.png,https://cdn.jsdelivr.net/gh/charlotteyoon/wp-image@main/posts/gibon-g05/gibon-g05-food-illustrations.png
체계로서의-gdt,본문,posts/gibon-g05/gibon-g05-lemon-drawing-stages.png,https://cdn.jsdelivr.net/gh/charlotteyoon/wp-image@main/posts/gibon-g05/gibon-g05-lemon-drawing-stages.png
rule-1-실제-적용과-검사방법,본문,posts/gibon-g06/gibon-g06-rule-1-form-deviation-graph.png,https://cdn.jsdelivr.net/gh/charlotteyoon/wp-image@main/posts/gibon-g06/gibon-g06-rule-1-form-deviation-graph.png
rule-1-실제-적용과-검사방법,본문,posts/gibon-g06/gibon-g06-pin-gauge-hole-check.png,https://cdn.jsdelivr.net/gh/charlotteyoon/wp-image@main/posts/gibon-g06/gibon-g06-pin-gauge-hole-check.png
rule-1-실제-적용과-검사방법,본문,posts/gibon-g06/gibon-g06-ring-gauge-pin-check.png,https://cdn.jsdelivr.net/gh/charlotteyoon/wp-image@main/posts/gibon-g06/gibon-g06-ring-gauge-pin-check.png
공차편차오차-기하공차-필수-용어-정리,본문,posts/gibon-g08/gibon-g08-term-card-tolerance.png,https://cdn.jsdelivr.net/gh/charlotteyoon/wp-image@main/posts/gibon-g08/gibon-g08-term-card-tolerance.png
공차편차오차-기하공차-필수-용어-정리,본문,posts/gibon-g08/gibon-g08-term-card-deviation.png,https://cdn.jsdelivr.net/gh/charlotteyoon/wp-image@main/posts/gibon-g08/gibon-g08-term-card-deviation.png
공차편차오차-기하공차-필수-용어-정리,본문,posts/gibon-g08/gibon-g08-term-card-error.png,https://cdn.jsdelivr.net/gh/charlotteyoon/wp-image@main/posts/gibon-g08/gibon-g08-term-card-error.png
공차편차오차-기하공차-필수-용어-정리,본문,posts/gibon-g08/gibon-g08-design-make-inspect-flow.png,https://cdn.jsdelivr.net/gh/charlotteyoon/wp-image@main/posts/gibon-g08/gibon-g08-design-make-inspect-flow.png
공차편차오차-기하공차-필수-용어-정리,본문,posts/gibon-g08/gibon-g08-drawing-report-analysis.png,https://cdn.jsdelivr.net/gh/charlotteyoon/wp-image@main/posts/gibon-g08/gibon-g08-drawing-report-analysis.png
원페이지-기하공차-1-page-gdt,본문,posts/gibon-g09/gibon-g09-gdt-summary-table.png,https://cdn.jsdelivr.net/gh/charlotteyoon/wp-image@main/posts/gibon-g09/gibon-g09-gdt-summary-table.png
기하공차-gdt-시작-fcf,본문,posts/gibon-g10/gibon-g10-puzzle-book-music-analogy.png,https://cdn.jsdelivr.net/gh/charlotteyoon/wp-image@main/posts/gibon-g10/gibon-g10-puzzle-book-music-analogy.png
기하공차-gdt-시작-fcf,본문,posts/gibon-g10/gibon-g10-flange-drawing-v2.png,https://cdn.jsdelivr.net/gh/charlotteyoon/wp-image@main/posts/gibon-g10/gibon-g10-flange-drawing-v2.png
기하공차-gdt-시작-fcf,본문,posts/gibon-g10/gibon-g10-flange-drawing-fcf-zoom-v2.png,https://cdn.jsdelivr.net/gh/charlotteyoon/wp-image@main/posts/gibon-g10/gibon-g10-flange-drawing-fcf-zoom-v2.png
기하공차-gdt-시작-fcf,본문,posts/gibon-g10/gibon-g10-flange-drawing-datum-zoom-v2.png,https://cdn.jsdelivr.net/gh/charlotteyoon/wp-image@main/posts/gibon-g10/gibon-g10-flange-drawing-datum-zoom-v2.png
베이직-치수-일반-치수-비교,본문,posts/gibon-g11/gibon-g11-basic-vs-toleranced-dim-v2.png,https://cdn.jsdelivr.net/gh/charlotteyoon/wp-image@main/posts/gibon-g11/gibon-g11-basic-vs-toleranced-dim-v2.png
베이직-치수-일반-치수-비교,본문,posts/gibon-g11/gibon-g11-profile-with-without-datum-v2.png,https://cdn.jsdelivr.net/gh/charlotteyoon/wp-image@main/posts/gibon-g11/gibon-g11-profile-with-without-datum-v2.png
베이직-치수-일반-치수-비교,본문,posts/gibon-g11/gibon-g11-profile-add-basic-dim-v2.png,https://cdn.jsdelivr.net/gh/charlotteyoon/wp-image@main/posts/gibon-g11/gibon-g11-profile-add-basic-dim-v2.png
베이직-치수-일반-치수-비교,본문,posts/gibon-g11/gibon-g11-basic-vs-plus-minus-v2.png,https://cdn.jsdelivr.net/gh/charlotteyoon/wp-image@main/posts/gibon-g11/gibon-g11-basic-vs-plus-minus-v2.png
베이직-치수-일반-치수-비교,본문,posts/gibon-g11/gibon-g11-size-and-profile-split-v2.png,https://cdn.jsdelivr.net/gh/charlotteyoon/wp-image@main/posts/gibon-g11/gibon-g11-size-and-profile-split-v2.png
베이직-치수,본문,posts/gibon-g12/gibon-g12-basic-dim-symbol.png,https://cdn.jsdelivr.net/gh/charlotteyoon/wp-image@main/posts/gibon-g12/gibon-g12-basic-dim-symbol.png
베이직-치수,본문,posts/gibon-g12/gibon-g12-basic-dim-methods-v2.png,https://cdn.jsdelivr.net/gh/charlotteyoon/wp-image@main/posts/gibon-g12/gibon-g12-basic-dim-methods-v2.png
베이직-치수,본문,posts/gibon-g12/gibon-g12-cartesian-vs-polar-v2.png,https://cdn.jsdelivr.net/gh/charlotteyoon/wp-image@main/posts/gibon-g12/gibon-g12-cartesian-vs-polar-v2.png
베이직-치수,본문,posts/gibon-g12/gibon-g12-baseline-vs-chain-v2.png,https://cdn.jsdelivr.net/gh/charlotteyoon/wp-image@main/posts/gibon-g12/gibon-g12-baseline-vs-chain-v2.png
베이직-치수의-완전한-이해-개념부터-트루-포지션,본문,posts/gibon-g13/gibon-g13-asme-def-basic-dimension.png,https://cdn.jsdelivr.net/gh/charlotteyoon/wp-image@main/posts/gibon-g13/gibon-g13-asme-def-basic-dimension.png
베이직-치수의-완전한-이해-개념부터-트루-포지션,본문,posts/gibon-g13/gibon-g13-asme-def-directly-toleranced.png,https://cdn.jsdelivr.net/gh/charlotteyoon/wp-image@main/posts/gibon-g13/gibon-g13-asme-def-directly-toleranced.png
베이직-치수의-완전한-이해-개념부터-트루-포지션,본문,posts/gibon-g13/gibon-g13-general-tolerance-table.png,https://cdn.jsdelivr.net/gh/charlotteyoon/wp-image@main/posts/gibon-g13/gibon-g13-general-tolerance-table.png
베이직-치수의-완전한-이해-개념부터-트루-포지션,본문,posts/gibon-g13/gibon-g13-asme-implied-basic-rules.png,https://cdn.jsdelivr.net/gh/charlotteyoon/wp-image@main/posts/gibon-g13/gibon-g13-asme-implied-basic-rules.png
베이직-치수의-완전한-이해-개념부터-트루-포지션,본문,posts/gibon-g13/gibon-g13-asme-def-true-profile.png,https://cdn.jsdelivr.net/gh/charlotteyoon/wp-image@main/posts/gibon-g13/gibon-g13-asme-def-true-profile.png
베이직-치수의-완전한-이해-개념부터-트루-포지션,본문,posts/gibon-g13/gibon-g13-implied-basic-dimensions-v2.png,https://cdn.jsdelivr.net/gh/charlotteyoon/wp-image@main/posts/gibon-g13/gibon-g13-implied-basic-dimensions-v2.png
베이직-치수의-완전한-이해-개념부터-트루-포지션,본문,posts/gibon-g13/gibon-g13-asme-def-true-position.png,https://cdn.jsdelivr.net/gh/charlotteyoon/wp-image@main/posts/gibon-g13/gibon-g13-asme-def-true-position.png
베이직-치수의-완전한-이해-개념부터-트루-포지션,본문,posts/gibon-g13/gibon-g13-explicit-basic-dimensions-v2.png,https://cdn.jsdelivr.net/gh/charlotteyoon/wp-image@main/posts/gibon-g13/gibon-g13-explicit-basic-dimensions-v2.png
사이즈-피쳐,본문,posts/gibon-g14/gibon-g14-internal-features-caliper.png,https://cdn.jsdelivr.net/gh/charlotteyoon/wp-image@main/posts/gibon-g14/gibon-g14-internal-features-caliper.png
사이즈-피쳐,본문,posts/gibon-g14/gibon-g14-external-features-caliper.png,https://cdn.jsdelivr.net/gh/charlotteyoon/wp-image@main/posts/gibon-g14/gibon-g14-external-features-caliper.png
사이즈-피쳐,본문,posts/gibon-g14/gibon-g14-slot-rail-blocks.png,https://cdn.jsdelivr.net/gh/charlotteyoon/wp-image@main/posts/gibon-g14/gibon-g14-slot-rail-blocks.png
사이즈-피쳐,본문,posts/gibon-g14/gibon-g14-internal-size-features.png,https://cdn.jsdelivr.net/gh/charlotteyoon/wp-image@main/posts/gibon-g14/gibon-g14-internal-size-features.png
사이즈-피쳐,본문,posts/gibon-g14/gibon-g14-external-size-features.png,https://cdn.jsdelivr.net/gh/charlotteyoon/wp-image@main/posts/gibon-g14/gibon-g14-external-size-features.png
사이즈-피쳐,본문,posts/gibon-g14/gibon-g14-size-feature-types-center.png,https://cdn.jsdelivr.net/gh/charlotteyoon/wp-image@main/posts/gibon-g14/gibon-g14-size-feature-types-center.png
사이즈-피쳐의-성립조건,본문,posts/gibon-g15/gibon-g15-size-feature-caliper-check.png,https://cdn.jsdelivr.net/gh/charlotteyoon/wp-image@main/posts/gibon-g15/gibon-g15-size-feature-caliper-check.png
사이즈-피쳐의-성립조건,본문,posts/gibon-g15/gibon-g15-external-size-features.png,https://cdn.jsdelivr.net/gh/charlotteyoon/wp-image@main/posts/gibon-g15/gibon-g15-external-size-features.png
사이즈-피쳐의-성립조건,본문,posts/gibon-g15/gibon-g15-internal-size-features.png,https://cdn.jsdelivr.net/gh/charlotteyoon/wp-image@main/posts/gibon-g15/gibon-g15-internal-size-features.png
사이즈-피쳐의-성립조건,본문,posts/gibon-g15/gibon-g15-partial-hole-size-feature-v2.png,https://cdn.jsdelivr.net/gh/charlotteyoon/wp-image@main/posts/gibon-g15/gibon-g15-partial-hole-size-feature-v2.png
서피스-피쳐-사이즈-피쳐-비교,본문,posts/gibon-g16/gibon-g16-flange-part-vs-drawing-v2.png,https://cdn.jsdelivr.net/gh/charlotteyoon/wp-image@main/posts/gibon-g16/gibon-g16-flange-part-vs-drawing-v2.png
서피스-피쳐-사이즈-피쳐-비교,본문,posts/gibon-g16/gibon-g16-flange-surface-types.png,https://cdn.jsdelivr.net/gh/charlotteyoon/wp-image@main/posts/gibon-g16/gibon-g16-flange-surface-types.png
서피스-피쳐-사이즈-피쳐-비교,본문,posts/gibon-g16/gibon-g16-surface-feature-element.png,https://cdn.jsdelivr.net/gh/charlotteyoon/wp-image@main/posts/gibon-g16/gibon-g16-surface-feature-element.png
서피스-피쳐-사이즈-피쳐-비교,본문,posts/gibon-g16/gibon-g16-size-feature-element.png,https://cdn.jsdelivr.net/gh/charlotteyoon/wp-image@main/posts/gibon-g16/gibon-g16-size-feature-element.png
서피스-피쳐-사이즈-피쳐-비교,본문,posts/gibon-g16/gibon-g16-size-feature-types.png,https://cdn.jsdelivr.net/gh/charlotteyoon/wp-image@main/posts/gibon-g16/gibon-g16-size-feature-types.png
서피스-피쳐-사이즈-피쳐-비교,본문,posts/gibon-g16/gibon-g16-surface-size-venn.png,https://cdn.jsdelivr.net/gh/charlotteyoon/wp-image@main/posts/gibon-g16/gibon-g16-surface-size-venn.png
서피스-해석-vs-중심축-해석-측정방법이-다르면-해석,본문,posts/gibon-g17/gibon-g17-surface-vs-axis-interpretation.png,https://cdn.jsdelivr.net/gh/charlotteyoon/wp-image@main/posts/gibon-g17/gibon-g17-surface-vs-axis-interpretation.png
서피스-해석-vs-중심축-해석-측정방법이-다르면-해석,본문,posts/gibon-g17/gibon-g17-virtual-condition-calc.png,https://cdn.jsdelivr.net/gh/charlotteyoon/wp-image@main/posts/gibon-g17/gibon-g17-virtual-condition-calc.png
서피스-해석-vs-중심축-해석-측정방법이-다르면-해석,본문,posts/gibon-g17/gibon-g17-bonus-tolerance-formula.png,https://cdn.jsdelivr.net/gh/charlotteyoon/wp-image@main/posts/gibon-g17/gibon-g17-bonus-tolerance-formula.png
서피스-해석-vs-중심축-해석-측정방법이-다르면-해석,본문,posts/gibon-g17/gibon-g17-bonus-tolerance-graph.png,https://cdn.jsdelivr.net/gh/charlotteyoon/wp-image@main/posts/gibon-g17/gibon-g17-bonus-tolerance-graph.png
서피스-해석-vs-중심축-해석-측정방법이-다르면-해석,본문,posts/gibon-g17/gibon-g17-bonus-tolerance-examples.png,https://cdn.jsdelivr.net/gh/charlotteyoon/wp-image@main/posts/gibon-g17/gibon-g17-bonus-tolerance-examples.png
서피스-피쳐-비교,본문,posts/gibon-g18/gibon-g18-flange-part.png,https://cdn.jsdelivr.net/gh/charlotteyoon/wp-image@main/posts/gibon-g18/gibon-g18-flange-part.png
서피스-피쳐-비교,본문,posts/gibon-g18/gibon-g18-flange-features.png,https://cdn.jsdelivr.net/gh/charlotteyoon/wp-image@main/posts/gibon-g18/gibon-g18-flange-features.png
서피스-피쳐-비교,본문,posts/gibon-g18/gibon-g18-flange-drawing-v2.png,https://cdn.jsdelivr.net/gh/charlotteyoon/wp-image@main/posts/gibon-g18/gibon-g18-flange-drawing-v2.png
서피스-피쳐-비교,본문,posts/gibon-g18/gibon-g18-flange-features-fcf.png,https://cdn.jsdelivr.net/gh/charlotteyoon/wp-image@main/posts/gibon-g18/gibon-g18-flange-features-fcf.png
서피스-피쳐-비교,본문,posts/gibon-g18/gibon-g18-flange-datum-features.png,https://cdn.jsdelivr.net/gh/charlotteyoon/wp-image@main/posts/gibon-g18/gibon-g18-flange-datum-features.png
도면에-없으면-없는-것이다,본문,posts/gibon-g19/gibon-g19-step-block-plus-minus-v2.png,https://cdn.jsdelivr.net/gh/charlotteyoon/wp-image@main/posts/gibon-g19/gibon-g19-step-block-plus-minus-v2.png
도면에-없으면-없는-것이다,본문,posts/gibon-g19/gibon-g19-step-block-origin-v2.png,https://cdn.jsdelivr.net/gh/charlotteyoon/wp-image@main/posts/gibon-g19/gibon-g19-step-block-origin-v2.png
도면에-없으면-없는-것이다,본문,posts/gibon-g19/gibon-g19-step-block-profile-datum-v2.png,https://cdn.jsdelivr.net/gh/charlotteyoon/wp-image@main/posts/gibon-g19/gibon-g19-step-block-profile-datum-v2.png
피쳐-정의,본문,posts/gibon-g20/gibon-g20-fcf-target-feature-v2.png,https://cdn.jsdelivr.net/gh/charlotteyoon/wp-image@main/posts/gibon-g20/gibon-g20-fcf-target-feature-v2.png
피쳐-정의,본문,posts/gibon-g20/gibon-g20-asme-def-feature.png,https://cdn.jsdelivr.net/gh/charlotteyoon/wp-image@main/posts/gibon-g20/gibon-g20-asme-def-feature.png
피쳐-정의,본문,posts/gibon-g20/gibon-g20-sphere-cylinder-cube.png,https://cdn.jsdelivr.net/gh/charlotteyoon/wp-image@main/posts/gibon-g20/gibon-g20-sphere-cylinder-cube.png
피쳐-정의,본문,posts/gibon-g20/gibon-g20-cube-and-plate.png,https://cdn.jsdelivr.net/gh/charlotteyoon/wp-image@main/posts/gibon-g20/gibon-g20-cube-and-plate.png
피쳐-정의,본문,posts/gibon-g20/gibon-g20-hole-pin-pairs.png,https://cdn.jsdelivr.net/gh/charlotteyoon/wp-image@main/posts/gibon-g20/gibon-g20-hole-pin-pairs.png
피쳐-정의,본문,posts/gibon-g20/gibon-g20-plate-surface-count.png,https://cdn.jsdelivr.net/gh/charlotteyoon/wp-image@main/posts/gibon-g20/gibon-g20-plate-surface-count.png
피쳐-정의,본문,posts/gibon-g20/gibon-g20-slot-and-rail.png,https://cdn.jsdelivr.net/gh/charlotteyoon/wp-image@main/posts/gibon-g20/gibon-g20-slot-and-rail.png
기하공차-해석-1,본문,posts/haeseok-1/haeseok-1-flange-drawing-v2.png,https://cdn.jsdelivr.net/gh/charlotteyoon/wp-image@main/posts/haeseok-1/haeseok-1-flange-drawing-v2.png
기하공차-해석-1,본문,posts/haeseok-1/haeseok-1-datum-a-front-face-v2.png,https://cdn.jsdelivr.net/gh/charlotteyoon/wp-image@main/posts/haeseok-1/haeseok-1-datum-a-front-face-v2.png
기하공차-해석-1,본문,posts/haeseok-1/haeseok-1-datum-a-references-v2.png,https://cdn.jsdelivr.net/gh/charlotteyoon/wp-image@main/posts/haeseok-1/haeseok-1-datum-a-references-v2.png
기하공차-해석-1,본문,posts/haeseok-1/haeseok-1-datum-a-flatness-v2.png,https://cdn.jsdelivr.net/gh/charlotteyoon/wp-image@main/posts/haeseok-1/haeseok-1-datum-a-flatness-v2.png
기하공차-해석-1,본문,posts/haeseok-1/haeseok-1-datum-b-cylinder-v2.png,https://cdn.jsdelivr.net/gh/charlotteyoon/wp-image@main/posts/haeseok-1/haeseok-1-datum-b-cylinder-v2.png
기하공차-해석-1,본문,posts/haeseok-1/haeseok-1-datum-b-axis-v2.png,https://cdn.jsdelivr.net/gh/charlotteyoon/wp-image@main/posts/haeseok-1/haeseok-1-datum-b-axis-v2.png
기하공차-해석-1,본문,posts/haeseok-1/haeseok-1-datum-b-references-v2.png,https://cdn.jsdelivr.net/gh/charlotteyoon/wp-image@main/posts/haeseok-1/haeseok-1-datum-b-references-v2.png
기하공차-해석-1,본문,posts/haeseok-1/haeseok-1-boss-size-perpendicularity.png,https://cdn.jsdelivr.net/gh/charlotteyoon/wp-image@main/posts/haeseok-1/haeseok-1-boss-size-perpendicularity.png
기하공차-해석-1,본문,posts/haeseok-1/haeseok-1-bore-size-position-v2.png,https://cdn.jsdelivr.net/gh/charlotteyoon/wp-image@main/posts/haeseok-1/haeseok-1-bore-size-position-v2.png
기하공차-해석-1,본문,posts/haeseok-1/haeseok-1-holes-size-position-v2.png,https://cdn.jsdelivr.net/gh/charlotteyoon/wp-image@main/posts/haeseok-1/haeseok-1-holes-size-position-v2.png
기하공차-해석-1,본문,posts/haeseok-1/haeseok-1-zero-tolerance-mmc-v2.png,https://cdn.jsdelivr.net/gh/charlotteyoon/wp-image@main/posts/haeseok-1/haeseok-1-zero-tolerance-mmc-v2.png
기하공차-해석-1,본문,posts/haeseok-1/haeseok-1-datum-b-mmb-v2.png,https://cdn.jsdelivr.net/gh/charlotteyoon/wp-image@main/posts/haeseok-1/haeseok-1-datum-b-mmb-v2.png
기하공차-해석-1,본문,posts/haeseok-1/haeseok-1-boss-perpendicularity-recap.png,https://cdn.jsdelivr.net/gh/charlotteyoon/wp-image@main/posts/haeseok-1/haeseok-1-boss-perpendicularity-recap.png
기하공차-해석-1,본문,posts/haeseok-1/haeseok-1-general-profile-od-v2.png,https://cdn.jsdelivr.net/gh/charlotteyoon/wp-image@main/posts/haeseok-1/haeseok-1-general-profile-od-v2.png
기하공차-해석-1,본문,posts/haeseok-1/haeseok-1-profile-back-face-v2.png,https://cdn.jsdelivr.net/gh/charlotteyoon/wp-image@main/posts/haeseok-1/haeseok-1-profile-back-face-v2.png
기하공차-해석-3-원통형-피쳐,본문,posts/haeseok-3/haeseok-3-hole-position-fcf-v2.png,https://cdn.jsdelivr.net/gh/charlotteyoon/wp-image@main/posts/haeseok-3/haeseok-3-hole-position-fcf-v2.png
기하공차-해석-3-원통형-피쳐,본문,posts/haeseok-3/haeseok-3-feature-type-size-v2.png,https://cdn.jsdelivr.net/gh/charlotteyoon/wp-image@main/posts/haeseok-3/haeseok-3-feature-type-size-v2.png
기하공차-해석-3-원통형-피쳐,본문,posts/haeseok-3/haeseok-3-tolerance-type-position-v2.png,https://cdn.jsdelivr.net/gh/charlotteyoon/wp-image@main/posts/haeseok-3/haeseok-3-tolerance-type-position-v2.png
기하공차-해석-3-원통형-피쳐,본문,posts/haeseok-3/haeseok-3-cylindrical-tolerance-zone-v2.png,https://cdn.jsdelivr.net/gh/charlotteyoon/wp-image@main/posts/haeseok-3/haeseok-3-cylindrical-tolerance-zone-v2.png
기하공차-해석-3-원통형-피쳐,본문,posts/haeseok-3/haeseok-3-primary-datum-a-v2.png,https://cdn.jsdelivr.net/gh/charlotteyoon/wp-image@main/posts/haeseok-3/haeseok-3-primary-datum-a-v2.png
기하공차-해석-3-원통형-피쳐,본문,posts/haeseok-3/haeseok-3-secondary-datum-b-v2.png,https://cdn.jsdelivr.net/gh/charlotteyoon/wp-image@main/posts/haeseok-3/haeseok-3-secondary-datum-b-v2.png
기하공차-해석-3-원통형-피쳐,본문,posts/haeseok-3/haeseok-3-tertiary-datum-c-v2.png,https://cdn.jsdelivr.net/gh/charlotteyoon/wp-image@main/posts/haeseok-3/haeseok-3-tertiary-datum-c-v2.png
기하공차-해석-3-원통형-피쳐,본문,posts/haeseok-3/haeseok-3-zone-in-datum-frame.png,https://cdn.jsdelivr.net/gh/charlotteyoon/wp-image@main/posts/haeseok-3/haeseok-3-zone-in-datum-frame.png
기하공차-해석-4-너비형-피쳐,본문,posts/haeseok-4/haeseok-4-slotted-disc-fcf-v2.jpg,https://cdn.jsdelivr.net/gh/charlotteyoon/wp-image@main/posts/haeseok-4/haeseok-4-slotted-disc-fcf-v2.jpg
기하공차-해석-4-너비형-피쳐,본문,posts/haeseok-4/haeseok-4-feature-type-size-v2.jpg,https://cdn.jsdelivr.net/gh/charlotteyoon/wp-image@main/posts/haeseok-4/haeseok-4-feature-type-size-v2.jpg
기하공차-해석-4-너비형-피쳐,본문,posts/haeseok-4/haeseok-4-tolerance-type-position-v2.jpg,https://cdn.jsdelivr.net/gh/charlotteyoon/wp-image@main/posts/haeseok-4/haeseok-4-tolerance-type-position-v2.jpg
기하공차-해석-4-너비형-피쳐,본문,posts/haeseok-4/haeseok-4-zone-shape-width-v2.jpg,https://cdn.jsdelivr.net/gh/charlotteyoon/wp-image@main/posts/haeseok-4/haeseok-4-zone-shape-width-v2.jpg
기하공차-해석-4-너비형-피쳐,본문,posts/haeseok-4/haeseok-4-zone-orientation-datum-a-v2.jpg,https://cdn.jsdelivr.net/gh/charlotteyoon/wp-image@main/posts/haeseok-4/haeseok-4-zone-orientation-datum-a-v2.jpg
기하공차-해석-4-너비형-피쳐,본문,posts/haeseok-4/haeseok-4-zone-location-datum-b-v2.jpg,https://cdn.jsdelivr.net/gh/charlotteyoon/wp-image@main/posts/haeseok-4/haeseok-4-zone-location-datum-b-v2.jpg
기하공차-해석-4-너비형-피쳐,본문,posts/haeseok-4/haeseok-4-zone-12x-30deg-spacing-v2.jpg,https://cdn.jsdelivr.net/gh/charlotteyoon/wp-image@main/posts/haeseok-4/haeseok-4-zone-12x-30deg-spacing-v2.jpg
기하공차-해석-4-너비형-피쳐,본문,posts/haeseok-4/haeseok-4-final-width-zones-v2.jpg,https://cdn.jsdelivr.net/gh/charlotteyoon/wp-image@main/posts/haeseok-4/haeseok-4-final-width-zones-v2.jpg
기하공차-해석-4-너비형-피쳐,본문,posts/haeseok-4/haeseok-4-slot-center-plane-check-v2.jpg,https://cdn.jsdelivr.net/gh/charlotteyoon/wp-image@main/posts/haeseok-4/haeseok-4-slot-center-plane-check-v2.jpg
기하공차-해석-5-구형-피쳐,본문,posts/haeseok-5/haeseok-5-ball-stud-fcf-v2.jpg,https://cdn.jsdelivr.net/gh/charlotteyoon/wp-image@main/posts/haeseok-5/haeseok-5-ball-stud-fcf-v2.jpg
기하공차-해석-5-구형-피쳐,본문,posts/haeseok-5/haeseok-5-feature-type-sphere-v2.jpg,https://cdn.jsdelivr.net/gh/charlotteyoon/wp-image@main/posts/haeseok-5/haeseok-5-feature-type-sphere-v2.jpg
기하공차-해석-5-구형-피쳐,본문,posts/haeseok-5/haeseok-5-tolerance-type-position-v2.jpg,https://cdn.jsdelivr.net/gh/charlotteyoon/wp-image@main/posts/haeseok-5/haeseok-5-tolerance-type-position-v2.jpg
기하공차-해석-5-구형-피쳐,본문,posts/haeseok-5/haeseok-5-zone-shape-spherical-v2.jpg,https://cdn.jsdelivr.net/gh/charlotteyoon/wp-image@main/posts/haeseok-5/haeseok-5-zone-shape-spherical-v2.jpg
기하공차-해석-5-구형-피쳐,본문,posts/haeseok-5/haeseok-5-zone-location-datum-a-v2.jpg,https://cdn.jsdelivr.net/gh/charlotteyoon/wp-image@main/posts/haeseok-5/haeseok-5-zone-location-datum-a-v2.jpg
기하공차-해석-5-구형-피쳐,본문,posts/haeseok-5/haeseok-5-zone-location-datum-b-v2.jpg,https://cdn.jsdelivr.net/gh/charlotteyoon/wp-image@main/posts/haeseok-5/haeseok-5-zone-location-datum-b-v2.jpg
기하공차-해석-5-구형-피쳐,본문,posts/haeseok-5/haeseok-5-final-spherical-zone-v2.jpg,https://cdn.jsdelivr.net/gh/charlotteyoon/wp-image@main/posts/haeseok-5/haeseok-5-final-spherical-zone-v2.jpg
기하공차-해석-5-구형-피쳐,본문,posts/haeseok-5/haeseok-5-sphere-center-check-v2.jpg,https://cdn.jsdelivr.net/gh/charlotteyoon/wp-image@main/posts/haeseok-5/haeseok-5-sphere-center-check-v2.jpg
기하공차-해석-6-mmc-패턴홀,본문,posts/haeseok-6/haeseok-6-pattern-hole-drawing-v2.png,https://cdn.jsdelivr.net/gh/charlotteyoon/wp-image@main/posts/haeseok-6/haeseok-6-pattern-hole-drawing-v2.png
기하공차-해석-6-mmc-패턴홀,본문,posts/haeseok-6/haeseok-6-feature-type-size-v2.png,https://cdn.jsdelivr.net/gh/charlotteyoon/wp-image@main/posts/haeseok-6/haeseok-6-feature-type-size-v2.png
기하공차-해석-6-mmc-패턴홀,본문,posts/haeseok-6/haeseok-6-feature-type-center-axis-v2.png,https://cdn.jsdelivr.net/gh/charlotteyoon/wp-image@main/posts/haeseok-6/haeseok-6-feature-type-center-axis-v2.png
기하공차-해석-6-mmc-패턴홀,본문,posts/haeseok-6/haeseok-6-tolerance-type-position-v2.png,https://cdn.jsdelivr.net/gh/charlotteyoon/wp-image@main/posts/haeseok-6/haeseok-6-tolerance-type-position-v2.png
기하공차-해석-6-mmc-패턴홀,본문,posts/haeseok-6/haeseok-6-tolerance-zone-cylindrical-v2.png,https://cdn.jsdelivr.net/gh/charlotteyoon/wp-image@main/posts/haeseok-6/haeseok-6-tolerance-zone-cylindrical-v2.png
기하공차-해석-6-mmc-패턴홀,본문,posts/haeseok-6/haeseok-6-tolerance-zone-diameter-v2.png,https://cdn.jsdelivr.net/gh/charlotteyoon/wp-image@main/posts/haeseok-6/haeseok-6-tolerance-zone-diameter-v2.png
기하공차-해석-6-mmc-패턴홀,본문,posts/haeseok-6/haeseok-6-mmc-bonus-graph.png,https://cdn.jsdelivr.net/gh/charlotteyoon/wp-image@main/posts/haeseok-6/haeseok-6-mmc-bonus-graph.png
기하공차-해석-6-mmc-패턴홀,본문,posts/haeseok-6/haeseok-6-drf-free-part-v2.png,https://cdn.jsdelivr.net/gh/charlotteyoon/wp-image@main/posts/haeseok-6/haeseok-6-drf-free-part-v2.png
기하공차-해석-6-mmc-패턴홀,본문,posts/haeseok-6/haeseok-6-drf-datum-a-v2.png,https://cdn.jsdelivr.net/gh/charlotteyoon/wp-image@main/posts/haeseok-6/haeseok-6-drf-datum-a-v2.png
기하공차-해석-6-mmc-패턴홀,본문,posts/haeseok-6/haeseok-6-drf-datum-b-v2.png,https://cdn.jsdelivr.net/gh/charlotteyoon/wp-image@main/posts/haeseok-6/haeseok-6-drf-datum-b-v2.png
기하공차-해석-6-mmc-패턴홀,본문,posts/haeseok-6/haeseok-6-drf-datum-c-v2.png,https://cdn.jsdelivr.net/gh/charlotteyoon/wp-image@main/posts/haeseok-6/haeseok-6-drf-datum-c-v2.png
기하공차-해석-6-mmc-패턴홀,본문,posts/haeseok-6/haeseok-6-drf-complete-v2.png,https://cdn.jsdelivr.net/gh/charlotteyoon/wp-image@main/posts/haeseok-6/haeseok-6-drf-complete-v2.png
기하공차-해석-6-mmc-패턴홀,본문,posts/haeseok-6/haeseok-6-true-position-datum-a-v2.png,https://cdn.jsdelivr.net/gh/charlotteyoon/wp-image@main/posts/haeseok-6/haeseok-6-true-position-datum-a-v2.png
기하공차-해석-6-mmc-패턴홀,본문,posts/haeseok-6/haeseok-6-true-position-perpendicular-a-v2.png,https://cdn.jsdelivr.net/gh/charlotteyoon/wp-image@main/posts/haeseok-6/haeseok-6-true-position-perpendicular-a-v2.png
기하공차-해석-6-mmc-패턴홀,본문,posts/haeseok-6/haeseok-6-true-position-datum-b-v2.png,https://cdn.jsdelivr.net/gh/charlotteyoon/wp-image@main/posts/haeseok-6/haeseok-6-true-position-datum-b-v2.png
기하공차-해석-6-mmc-패턴홀,본문,posts/haeseok-6/haeseok-6-true-position-basic-22-v2.png,https://cdn.jsdelivr.net/gh/charlotteyoon/wp-image@main/posts/haeseok-6/haeseok-6-true-position-basic-22-v2.png
기하공차-해석-6-mmc-패턴홀,본문,posts/haeseok-6/haeseok-6-true-position-datum-c-v2.png,https://cdn.jsdelivr.net/gh/charlotteyoon/wp-image@main/posts/haeseok-6/haeseok-6-true-position-datum-c-v2.png
기하공차-해석-6-mmc-패턴홀,본문,posts/haeseok-6/haeseok-6-true-position-complete-v2.png,https://cdn.jsdelivr.net/gh/charlotteyoon/wp-image@main/posts/haeseok-6/haeseok-6-true-position-complete-v2.png
기하공차-해석-6-mmc-패턴홀,본문,posts/haeseok-6/haeseok-6-zone-at-true-position-v2.png,https://cdn.jsdelivr.net/gh/charlotteyoon/wp-image@main/posts/haeseok-6/haeseok-6-zone-at-true-position-v2.png
기하공차-해석-6-mmc-패턴홀,본문,posts/haeseok-6/haeseok-6-vc-boundary-created-v2.png,https://cdn.jsdelivr.net/gh/charlotteyoon/wp-image@main/posts/haeseok-6/haeseok-6-vc-boundary-created-v2.png
기하공차-해석-6-mmc-패턴홀,본문,posts/haeseok-6/haeseok-6-vc-size-calculation-v2.png,https://cdn.jsdelivr.net/gh/charlotteyoon/wp-image@main/posts/haeseok-6/haeseok-6-vc-size-calculation-v2.png
기하공차-해석-6-mmc-패턴홀,본문,posts/haeseok-6/haeseok-6-vc-boundary-located-v2.png,https://cdn.jsdelivr.net/gh/charlotteyoon/wp-image@main/posts/haeseok-6/haeseok-6-vc-boundary-located-v2.png
기하공차-해석-6-mmc-패턴홀,본문,posts/haeseok-6/haeseok-6-vc-boundary-fixed-v2.png,https://cdn.jsdelivr.net/gh/charlotteyoon/wp-image@main/posts/haeseok-6/haeseok-6-vc-boundary-fixed-v2.png
기하공차-해석-6-mmc-패턴홀,본문,posts/haeseok-6/haeseok-6-vc-surface-evaluation-v2.png,https://cdn.jsdelivr.net/gh/charlotteyoon/wp-image@main/posts/haeseok-6/haeseok-6-vc-surface-evaluation-v2.png
기하공차-해석-6-mmc-패턴홀,본문,posts/haeseok-6/haeseok-6-gauge-setup.png,https://cdn.jsdelivr.net/gh/charlotteyoon/wp-image@main/posts/haeseok-6/haeseok-6-gauge-setup.png
기하공차-해석-6-mmc-패턴홀,본문,posts/haeseok-6/haeseok-6-gauge-datum-a.png,https://cdn.jsdelivr.net/gh/charlotteyoon/wp-image@main/posts/haeseok-6/haeseok-6-gauge-datum-a.png
기하공차-해석-6-mmc-패턴홀,본문,posts/haeseok-6/haeseok-6-gauge-datum-b.png,https://cdn.jsdelivr.net/gh/charlotteyoon/wp-image@main/posts/haeseok-6/haeseok-6-gauge-datum-b.png
기하공차-해석-6-mmc-패턴홀,본문,posts/haeseok-6/haeseok-6-gauge-datum-c.png,https://cdn.jsdelivr.net/gh/charlotteyoon/wp-image@main/posts/haeseok-6/haeseok-6-gauge-datum-c.png
기하공차-해석-6-mmc-패턴홀,본문,posts/haeseok-6/haeseok-6-gauge-pins-inserted.png,https://cdn.jsdelivr.net/gh/charlotteyoon/wp-image@main/posts/haeseok-6/haeseok-6-gauge-pins-inserted.png
기하공차-해석하기-7-6개의-패턴홀,본문,posts/haeseok-7/haeseok-7-flange-6-holes-drawing-v2.png,https://cdn.jsdelivr.net/gh/charlotteyoon/wp-image@main/posts/haeseok-7/haeseok-7-flange-6-holes-drawing-v2.png
기하공차-해석하기-7-6개의-패턴홀,본문,posts/haeseok-7/haeseok-7-fcf-breakdown-v2.png,https://cdn.jsdelivr.net/gh/charlotteyoon/wp-image@main/posts/haeseok-7/haeseok-7-fcf-breakdown-v2.png
기하공차-해석하기-7-6개의-패턴홀,본문,posts/haeseok-7/haeseok-7-hole-pattern-axes-v2.png,https://cdn.jsdelivr.net/gh/charlotteyoon/wp-image@main/posts/haeseok-7/haeseok-7-hole-pattern-axes-v2.png
기하공차-해석하기-7-6개의-패턴홀,본문,posts/haeseok-7/haeseok-7-true-position-elements-v2.png,https://cdn.jsdelivr.net/gh/charlotteyoon/wp-image@main/posts/haeseok-7/haeseok-7-true-position-elements-v2.png
기하공차-해석하기-7-6개의-패턴홀,본문,posts/haeseok-7/haeseok-7-hole-pattern-spacing-v2.png,https://cdn.jsdelivr.net/gh/charlotteyoon/wp-image@main/posts/haeseok-7/haeseok-7-hole-pattern-spacing-v2.png
기하공차-해석하기-7-6개의-패턴홀,본문,posts/haeseok-7/haeseok-7-primary-datum-a-location-v2.png,https://cdn.jsdelivr.net/gh/charlotteyoon/wp-image@main/posts/haeseok-7/haeseok-7-primary-datum-a-location-v2.png
기하공차-해석하기-7-6개의-패턴홀,본문,posts/haeseok-7/haeseok-7-secondary-datum-b-location-v2.png,https://cdn.jsdelivr.net/gh/charlotteyoon/wp-image@main/posts/haeseok-7/haeseok-7-secondary-datum-b-location-v2.png
기하공차-해석하기-7-6개의-패턴홀,본문,posts/haeseok-7/haeseok-7-true-position-summary-table.png,https://cdn.jsdelivr.net/gh/charlotteyoon/wp-image@main/posts/haeseok-7/haeseok-7-true-position-summary-table.png
기하공차-해석하기-7-6개의-패턴홀,본문,posts/haeseok-7/haeseok-7-position-zone-cylinders-v2.png,https://cdn.jsdelivr.net/gh/charlotteyoon/wp-image@main/posts/haeseok-7/haeseok-7-position-zone-cylinders-v2.png
기하공차-해석하기-7-6개의-패턴홀,본문,posts/haeseok-7/haeseok-7-verification-drf-v2.png,https://cdn.jsdelivr.net/gh/charlotteyoon/wp-image@main/posts/haeseok-7/haeseok-7-verification-drf-v2.png
기하공차-해석하기-7-6개의-패턴홀,본문,posts/haeseok-7/haeseok-7-drf-dof-constraint.png,https://cdn.jsdelivr.net/gh/charlotteyoon/wp-image@main/posts/haeseok-7/haeseok-7-drf-dof-constraint.png
기하공차-해석하기-7-6개의-패턴홀,본문,posts/haeseok-7/haeseok-7-part-in-drf-dof.png,https://cdn.jsdelivr.net/gh/charlotteyoon/wp-image@main/posts/haeseok-7/haeseok-7-part-in-drf-dof.png
기하공차-해석하기-7-6개의-패턴홀,본문,posts/haeseok-7/haeseok-7-verification-rotation-v2.png,https://cdn.jsdelivr.net/gh/charlotteyoon/wp-image@main/posts/haeseok-7/haeseok-7-verification-rotation-v2.png
mmc-검사,본문,posts/jaeryo-gauge/jaeryo-gauge-two-hole-plate.png,https://cdn.jsdelivr.net/gh/charlotteyoon/wp-image@main/posts/jaeryo-gauge/jaeryo-gauge-two-hole-plate.png
mmc-검사,본문,posts/jaeryo-gauge/jaeryo-gauge-plate-drawing-position-mmc-v2.png,https://cdn.jsdelivr.net/gh/charlotteyoon/wp-image@main/posts/jaeryo-gauge/jaeryo-gauge-plate-drawing-position-mmc-v2.png
mmc-검사,본문,posts/jaeryo-gauge/jaeryo-gauge-functional-gauge.png,https://cdn.jsdelivr.net/gh/charlotteyoon/wp-image@main/posts/jaeryo-gauge/jaeryo-gauge-functional-gauge.png
mmc-검사,본문,posts/jaeryo-gauge/jaeryo-gauge-part-on-gauge.png,https://cdn.jsdelivr.net/gh/charlotteyoon/wp-image@main/posts/jaeryo-gauge/jaeryo-gauge-part-on-gauge.png
mmc-검사,본문,posts/jaeryo-gauge/jaeryo-gauge-cmm-inspection.png,https://cdn.jsdelivr.net/gh/charlotteyoon/wp-image@main/posts/jaeryo-gauge/jaeryo-gauge-cmm-inspection.png
공차재료조건_rfs_mmc_lmc,본문,posts/jaeryo-intent/jaeryo-intent-rfs-summary.png,https://cdn.jsdelivr.net/gh/charlotteyoon/wp-image@main/posts/jaeryo-intent/jaeryo-intent-rfs-summary.png
공차재료조건_rfs_mmc_lmc,본문,posts/jaeryo-intent/jaeryo-intent-rfs-tolerance-graph.png,https://cdn.jsdelivr.net/gh/charlotteyoon/wp-image@main/posts/jaeryo-intent/jaeryo-intent-rfs-tolerance-graph.png
공차재료조건_rfs_mmc_lmc,본문,posts/jaeryo-intent/jaeryo-intent-mmc-summary.png,https://cdn.jsdelivr.net/gh/charlotteyoon/wp-image@main/posts/jaeryo-intent/jaeryo-intent-mmc-summary.png
공차재료조건_rfs_mmc_lmc,본문,posts/jaeryo-intent/jaeryo-intent-mmc-bonus-tolerance.png,https://cdn.jsdelivr.net/gh/charlotteyoon/wp-image@main/posts/jaeryo-intent/jaeryo-intent-mmc-bonus-tolerance.png
공차재료조건_rfs_mmc_lmc,본문,posts/jaeryo-intent/jaeryo-intent-mmc-virtual-condition-v2.png,https://cdn.jsdelivr.net/gh/charlotteyoon/wp-image@main/posts/jaeryo-intent/jaeryo-intent-mmc-virtual-condition-v2.png
공차재료조건_rfs_mmc_lmc,본문,posts/jaeryo-intent/jaeryo-intent-lmc-summary.png,https://cdn.jsdelivr.net/gh/charlotteyoon/wp-image@main/posts/jaeryo-intent/jaeryo-intent-lmc-summary.png
공차재료조건_rfs_mmc_lmc,본문,posts/jaeryo-intent/jaeryo-intent-lmc-bonus-tolerance.png,https://cdn.jsdelivr.net/gh/charlotteyoon/wp-image@main/posts/jaeryo-intent/jaeryo-intent-lmc-bonus-tolerance.png
공차재료조건_rfs_mmc_lmc,본문,posts/jaeryo-intent/jaeryo-intent-lmc-virtual-condition-v2.png,https://cdn.jsdelivr.net/gh/charlotteyoon/wp-image@main/posts/jaeryo-intent/jaeryo-intent-lmc-virtual-condition-v2.png
사이즈-피쳐의-mmc와-lmc,본문,posts/jaeryo-machining/jaeryo-machining-internal-features-caliper.png,https://cdn.jsdelivr.net/gh/charlotteyoon/wp-image@main/posts/jaeryo-machining/jaeryo-machining-internal-features-caliper.png
사이즈-피쳐의-mmc와-lmc,본문,posts/jaeryo-machining/jaeryo-machining-external-features-caliper.png,https://cdn.jsdelivr.net/gh/charlotteyoon/wp-image@main/posts/jaeryo-machining/jaeryo-machining-external-features-caliper.png
사이즈-피쳐의-mmc와-lmc,본문,posts/jaeryo-machining/jaeryo-machining-internal-mmc-lmc-table.png,https://cdn.jsdelivr.net/gh/charlotteyoon/wp-image@main/posts/jaeryo-machining/jaeryo-machining-internal-mmc-lmc-table.png
사이즈-피쳐의-mmc와-lmc,본문,posts/jaeryo-machining/jaeryo-machining-external-mmc-lmc-table.png,https://cdn.jsdelivr.net/gh/charlotteyoon/wp-image@main/posts/jaeryo-machining/jaeryo-machining-external-mmc-lmc-table.png
사이즈-피쳐의-mmc와-lmc,본문,posts/jaeryo-machining/jaeryo-machining-machining-mmc-to-lmc-v2.png,https://cdn.jsdelivr.net/gh/charlotteyoon/wp-image@main/posts/jaeryo-machining/jaeryo-machining-machining-mmc-to-lmc-v2.png
사이즈-피쳐의-mmc와-lmc,본문,posts/jaeryo-machining/jaeryo-machining-mmc-lmc-size-summary.png,https://cdn.jsdelivr.net/gh/charlotteyoon/wp-image@main/posts/jaeryo-machining/jaeryo-machining-mmc-lmc-size-summary.png
mmb-계산과-적절한-mmb-선택,본문,posts/jaeryo-mmb/jaeryo-mmb-controlled-feature-boss.png,https://cdn.jsdelivr.net/gh/charlotteyoon/wp-image@main/posts/jaeryo-mmb/jaeryo-mmb-controlled-feature-boss.png
mmb-계산과-적절한-mmb-선택,본문,posts/jaeryo-mmb/jaeryo-mmb-mmb-example-drawing-v2.png,https://cdn.jsdelivr.net/gh/charlotteyoon/wp-image@main/posts/jaeryo-mmb/jaeryo-mmb-mmb-example-drawing-v2.png
mmb-계산과-적절한-mmb-선택,본문,posts/jaeryo-mmb/jaeryo-mmb-datum-features-abcd.png,https://cdn.jsdelivr.net/gh/charlotteyoon/wp-image@main/posts/jaeryo-mmb/jaeryo-mmb-datum-features-abcd.png
mmb-계산과-적절한-mmb-선택,본문,posts/jaeryo-mmb/jaeryo-mmb-datum-b-mmb-reference-v2.png,https://cdn.jsdelivr.net/gh/charlotteyoon/wp-image@main/posts/jaeryo-mmb/jaeryo-mmb-datum-b-mmb-reference-v2.png
mmb-계산과-적절한-mmb-선택,본문,posts/jaeryo-mmb/jaeryo-mmb-datum-b-mmb-calc-v2.png,https://cdn.jsdelivr.net/gh/charlotteyoon/wp-image@main/posts/jaeryo-mmb/jaeryo-mmb-datum-b-mmb-calc-v2.png
mmb-계산과-적절한-mmb-선택,본문,posts/jaeryo-mmb/jaeryo-mmb-datum-c-mmb-reference-v2.png,https://cdn.jsdelivr.net/gh/charlotteyoon/wp-image@main/posts/jaeryo-mmb/jaeryo-mmb-datum-c-mmb-reference-v2.png
mmb-계산과-적절한-mmb-선택,본문,posts/jaeryo-mmb/jaeryo-mmb-datum-c-mmb-calc-v2.png,https://cdn.jsdelivr.net/gh/charlotteyoon/wp-image@main/posts/jaeryo-mmb/jaeryo-mmb-datum-c-mmb-calc-v2.png
mmb-계산과-적절한-mmb-선택,본문,posts/jaeryo-mmb/jaeryo-mmb-datum-d-mmb-straightness-v2.png,https://cdn.jsdelivr.net/gh/charlotteyoon/wp-image@main/posts/jaeryo-mmb/jaeryo-mmb-datum-d-mmb-straightness-v2.png
mmb-계산과-적절한-mmb-선택,본문,posts/jaeryo-mmb/jaeryo-mmb-datum-d-mmb-perpendicularity-v2.png,https://cdn.jsdelivr.net/gh/charlotteyoon/wp-image@main/posts/jaeryo-mmb/jaeryo-mmb-datum-d-mmb-perpendicularity-v2.png
mmb-계산과-적절한-mmb-선택,본문,posts/jaeryo-mmb/jaeryo-mmb-datum-d-mmb-position-v2.png,https://cdn.jsdelivr.net/gh/charlotteyoon/wp-image@main/posts/jaeryo-mmb/jaeryo-mmb-datum-d-mmb-position-v2.png
mmb-계산과-적절한-mmb-선택,본문,posts/jaeryo-mmb/jaeryo-mmb-datum-reference-options-v2.png,https://cdn.jsdelivr.net/gh/charlotteyoon/wp-image@main/posts/jaeryo-mmb/jaeryo-mmb-datum-reference-options-v2.png
mmb-계산과-적절한-mmb-선택,본문,posts/jaeryo-mmb/jaeryo-mmb-option-d-only-mmb-v2.png,https://cdn.jsdelivr.net/gh/charlotteyoon/wp-image@main/posts/jaeryo-mmb/jaeryo-mmb-option-d-only-mmb-v2.png
mmb-계산과-적절한-mmb-선택,본문,posts/jaeryo-mmb/jaeryo-mmb-option-a-d-mmb-v2.png,https://cdn.jsdelivr.net/gh/charlotteyoon/wp-image@main/posts/jaeryo-mmb/jaeryo-mmb-option-a-d-mmb-v2.png
mmb-계산과-적절한-mmb-선택,본문,posts/jaeryo-mmb/jaeryo-mmb-option-abd-mmb-v2.png,https://cdn.jsdelivr.net/gh/charlotteyoon/wp-image@main/posts/jaeryo-mmb/jaeryo-mmb-option-abd-mmb-v2.png
공차조건-모디파이어,본문,posts/jaeryo-modifier/jaeryo-modifier-fcf-mmc-lmc-v2.png,https://cdn.jsdelivr.net/gh/charlotteyoon/wp-image@main/posts/jaeryo-modifier/jaeryo-modifier-fcf-mmc-lmc-v2.png
공차조건-모디파이어,본문,posts/jaeryo-modifier/jaeryo-modifier-fcf-projected-zone-v2.png,https://cdn.jsdelivr.net/gh/charlotteyoon/wp-image@main/posts/jaeryo-modifier/jaeryo-modifier-fcf-projected-zone-v2.png
공차조건-모디파이어,본문,posts/jaeryo-modifier/jaeryo-modifier-fcf-tangent-plane-v2.png,https://cdn.jsdelivr.net/gh/charlotteyoon/wp-image@main/posts/jaeryo-modifier/jaeryo-modifier-fcf-tangent-plane-v2.png
공차조건-모디파이어,본문,posts/jaeryo-modifier/jaeryo-modifier-fcf-unequal-profile-v2.png,https://cdn.jsdelivr.net/gh/charlotteyoon/wp-image@main/posts/jaeryo-modifier/jaeryo-modifier-fcf-unequal-profile-v2.png
공차조건-모디파이어,본문,posts/jaeryo-modifier/jaeryo-modifier-fcf-dynamic-profile-v2.png,https://cdn.jsdelivr.net/gh/charlotteyoon/wp-image@main/posts/jaeryo-modifier/jaeryo-modifier-fcf-dynamic-profile-v2.png
공차조건-모디파이어,본문,posts/jaeryo-modifier/jaeryo-modifier-fcf-free-state-v2.png,https://cdn.jsdelivr.net/gh/charlotteyoon/wp-image@main/posts/jaeryo-modifier/jaeryo-modifier-fcf-free-state-v2.png
mmc-특정재료상태,본문,posts/jaeryo-state/jaeryo-state-flange-drawing-3d-v2.png,https://cdn.jsdelivr.net/gh/charlotteyoon/wp-image@main/posts/jaeryo-state/jaeryo-state-flange-drawing-3d-v2.png
mmc-특정재료상태,본문,posts/jaeryo-state/jaeryo-state-mmc-size-bore.png,https://cdn.jsdelivr.net/gh/charlotteyoon/wp-image@main/posts/jaeryo-state/jaeryo-state-mmc-size-bore.png
mmc-특정재료상태,본문,posts/jaeryo-state/jaeryo-state-mmc-size-boss.png,https://cdn.jsdelivr.net/gh/charlotteyoon/wp-image@main/posts/jaeryo-state/jaeryo-state-mmc-size-boss.png
mmc-특정재료상태,본문,posts/jaeryo-state/jaeryo-state-mmc-size-pattern-holes.png,https://cdn.jsdelivr.net/gh/charlotteyoon/wp-image@main/posts/jaeryo-state/jaeryo-state-mmc-size-pattern-holes.png
mmc-특정재료상태,본문,posts/jaeryo-state/jaeryo-state-position-mmc-modifier-v2.png,https://cdn.jsdelivr.net/gh/charlotteyoon/wp-image@main/posts/jaeryo-state/jaeryo-state-position-mmc-modifier-v2.png
mmc-특정재료상태,본문,posts/jaeryo-state/jaeryo-state-bonus-tolerance-chart.png,https://cdn.jsdelivr.net/gh/charlotteyoon/wp-image@main/posts/jaeryo-state/jaeryo-state-bonus-tolerance-chart.png
mmc-특정재료상태,본문,posts/jaeryo-state/jaeryo-state-datum-b-mmb-v2.png,https://cdn.jsdelivr.net/gh/charlotteyoon/wp-image@main/posts/jaeryo-state/jaeryo-state-datum-b-mmb-v2.png
기하공차-통제목표,본문,posts/jongryu-control-target/jongryu-control-target-gdt-symbols-14-v2.png,https://cdn.jsdelivr.net/gh/charlotteyoon/wp-image@main/posts/jongryu-control-target/jongryu-control-target-gdt-symbols-14-v2.png
기하공차-통제목표,본문,posts/jongryu-control-target/jongryu-control-target-form-tolerance-targets.png,https://cdn.jsdelivr.net/gh/charlotteyoon/wp-image@main/posts/jongryu-control-target/jongryu-control-target-form-tolerance-targets.png
기하공차-통제목표,본문,posts/jongryu-control-target/jongryu-control-target-orientation-tolerance-targets.png,https://cdn.jsdelivr.net/gh/charlotteyoon/wp-image@main/posts/jongryu-control-target/jongryu-control-target-orientation-tolerance-targets.png
기하공차-통제목표,본문,posts/jongryu-control-target/jongryu-control-target-position-tolerance-target.png,https://cdn.jsdelivr.net/gh/charlotteyoon/wp-image@main/posts/jongryu-control-target/jongryu-control-target-position-tolerance-target.png
기하공차-통제목표,본문,posts/jongryu-control-target/jongryu-control-target-profile-tolerance-targets.png,https://cdn.jsdelivr.net/gh/charlotteyoon/wp-image@main/posts/jongryu-control-target/jongryu-control-target-profile-tolerance-targets.png
기하공차-통제목표,본문,posts/jongryu-control-target/jongryu-control-target-runout-tolerance-targets.png,https://cdn.jsdelivr.net/gh/charlotteyoon/wp-image@main/posts/jongryu-control-target/jongryu-control-target-runout-tolerance-targets.png
윤곽공차의-확장-2-범위지정-비트윈-올어라운드-올,본문,posts/jongryu-extent/jongryu-extent-profile-surface-default-v2.png,https://cdn.jsdelivr.net/gh/charlotteyoon/wp-image@main/posts/jongryu-extent/jongryu-extent-profile-surface-default-v2.png
윤곽공차의-확장-2-범위지정-비트윈-올어라운드-올,본문,posts/jongryu-extent/jongryu-extent-profile-between-v2.png,https://cdn.jsdelivr.net/gh/charlotteyoon/wp-image@main/posts/jongryu-extent/jongryu-extent-profile-between-v2.png
윤곽공차의-확장-2-범위지정-비트윈-올어라운드-올,본문,posts/jongryu-extent/jongryu-extent-profile-all-around-v2.png,https://cdn.jsdelivr.net/gh/charlotteyoon/wp-image@main/posts/jongryu-extent/jongryu-extent-profile-all-around-v2.png
윤곽공차의-확장-2-범위지정-비트윈-올어라운드-올,본문,posts/jongryu-extent/jongryu-extent-profile-all-over-v2.png,https://cdn.jsdelivr.net/gh/charlotteyoon/wp-image@main/posts/jongryu-extent/jongryu-extent-profile-all-over-v2.png
기하공차-유형-특징,본문,posts/jongryu-five-types/jongryu-five-types-form-symbols-v2.png,https://cdn.jsdelivr.net/gh/charlotteyoon/wp-image@main/posts/jongryu-five-types/jongryu-five-types-form-symbols-v2.png
기하공차-유형-특징,본문,posts/jongryu-five-types/jongryu-five-types-orientation-symbols-v2.png,https://cdn.jsdelivr.net/gh/charlotteyoon/wp-image@main/posts/jongryu-five-types/jongryu-five-types-orientation-symbols-v2.png
기하공차-유형-특징,본문,posts/jongryu-five-types/jongryu-five-types-location-symbols-v2.png,https://cdn.jsdelivr.net/gh/charlotteyoon/wp-image@main/posts/jongryu-five-types/jongryu-five-types-location-symbols-v2.png
기하공차-유형-특징,본문,posts/jongryu-five-types/jongryu-five-types-profile-symbols-v2.png,https://cdn.jsdelivr.net/gh/charlotteyoon/wp-image@main/posts/jongryu-five-types/jongryu-five-types-profile-symbols-v2.png
기하공차-유형-특징,본문,posts/jongryu-five-types/jongryu-five-types-runout-symbols-v2.png,https://cdn.jsdelivr.net/gh/charlotteyoon/wp-image@main/posts/jongryu-five-types/jongryu-five-types-runout-symbols-v2.png
기하공차-통제속성,본문,posts/jongryu-four-attributes/jongryu-four-attributes-four-attributes-gauges.png,https://cdn.jsdelivr.net/gh/charlotteyoon/wp-image@main/posts/jongryu-four-attributes/jongryu-four-attributes-four-attributes-gauges.png
기하공차-통제속성,본문,posts/jongryu-four-attributes/jongryu-four-attributes-attribute-control-by-feature.png,https://cdn.jsdelivr.net/gh/charlotteyoon/wp-image@main/posts/jongryu-four-attributes/jongryu-four-attributes-attribute-control-by-feature.png
기하공차-통제속성,본문,posts/jongryu-four-attributes/jongryu-four-attributes-size-feature-caliper-check.png,https://cdn.jsdelivr.net/gh/charlotteyoon/wp-image@main/posts/jongryu-four-attributes/jongryu-four-attributes-size-feature-caliper-check.png
기하공차-통제속성,본문,posts/jongryu-four-attributes/jongryu-four-attributes-size-deviation.png,https://cdn.jsdelivr.net/gh/charlotteyoon/wp-image@main/posts/jongryu-four-attributes/jongryu-four-attributes-size-deviation.png
기하공차-통제속성,본문,posts/jongryu-four-attributes/jongryu-four-attributes-form-deviation.png,https://cdn.jsdelivr.net/gh/charlotteyoon/wp-image@main/posts/jongryu-four-attributes/jongryu-four-attributes-form-deviation.png
기하공차-통제속성,본문,posts/jongryu-four-attributes/jongryu-four-attributes-orientation-deviation.png,https://cdn.jsdelivr.net/gh/charlotteyoon/wp-image@main/posts/jongryu-four-attributes/jongryu-four-attributes-orientation-deviation.png
기하공차-통제속성,본문,posts/jongryu-four-attributes/jongryu-four-attributes-location-deviation.png,https://cdn.jsdelivr.net/gh/charlotteyoon/wp-image@main/posts/jongryu-four-attributes/jongryu-four-attributes-location-deviation.png
기하공차-통제속성,본문,posts/jongryu-four-attributes/jongryu-four-attributes-gdt-summary-table-attributes.png,https://cdn.jsdelivr.net/gh/charlotteyoon/wp-image@main/posts/jongryu-four-attributes/jongryu-four-attributes-gdt-summary-table-attributes.png
윤곽공차의-확장-3-불균일한-공차영역의-정의-비트윈,본문,posts/jongryu-nonuniform/jongryu-nonuniform-profile-uniform-zone-v2.png,https://cdn.jsdelivr.net/gh/charlotteyoon/wp-image@main/posts/jongryu-nonuniform/jongryu-nonuniform-profile-uniform-zone-v2.png
윤곽공차의-확장-3-불균일한-공차영역의-정의-비트윈,본문,posts/jongryu-nonuniform/jongryu-nonuniform-between-segments-drawing.png,https://cdn.jsdelivr.net/gh/charlotteyoon/wp-image@main/posts/jongryu-nonuniform/jongryu-nonuniform-between-segments-drawing.png
윤곽공차의-확장-3-불균일한-공차영역의-정의-비트윈,본문,posts/jongryu-nonuniform/jongryu-nonuniform-between-segments-zone-v2.png,https://cdn.jsdelivr.net/gh/charlotteyoon/wp-image@main/posts/jongryu-nonuniform/jongryu-nonuniform-between-segments-zone-v2.png
윤곽공차의-확장-3-불균일한-공차영역의-정의-비트윈,본문,posts/jongryu-nonuniform/jongryu-nonuniform-from-to-drawing.png,https://cdn.jsdelivr.net/gh/charlotteyoon/wp-image@main/posts/jongryu-nonuniform/jongryu-nonuniform-from-to-drawing.png
윤곽공차의-확장-3-불균일한-공차영역의-정의-비트윈,본문,posts/jongryu-nonuniform/jongryu-nonuniform-from-to-zone-v2.png,https://cdn.jsdelivr.net/gh/charlotteyoon/wp-image@main/posts/jongryu-nonuniform/jongryu-nonuniform-from-to-zone-v2.png
윤곽공차의-확장-3-불균일한-공차영역의-정의-비트윈,본문,posts/jongryu-nonuniform/jongryu-nonuniform-nonuniform-drawing.png,https://cdn.jsdelivr.net/gh/charlotteyoon/wp-image@main/posts/jongryu-nonuniform/jongryu-nonuniform-nonuniform-drawing.png
윤곽공차의-확장-3-불균일한-공차영역의-정의-비트윈,본문,posts/jongryu-nonuniform/jongryu-nonuniform-nonuniform-cad-zone-v2.png,https://cdn.jsdelivr.net/gh/charlotteyoon/wp-image@main/posts/jongryu-nonuniform/jongryu-nonuniform-nonuniform-cad-zone-v2.png
윤곽공차의-확장-1-불균등-공차영역을-정의하는-ⓤ-모,본문,posts/jongryu-unequal-u/jongryu-unequal-u-profile-equal-bilateral-v2.png,https://cdn.jsdelivr.net/gh/charlotteyoon/wp-image@main/posts/jongryu-unequal-u/jongryu-unequal-u-profile-equal-bilateral-v2.png
윤곽공차의-확장-1-불균등-공차영역을-정의하는-ⓤ-모,본문,posts/jongryu-unequal-u/jongryu-unequal-u-u-modifier-question-v2.png,https://cdn.jsdelivr.net/gh/charlotteyoon/wp-image@main/posts/jongryu-unequal-u/jongryu-unequal-u-u-modifier-question-v2.png
윤곽공차의-확장-1-불균등-공차영역을-정의하는-ⓤ-모,본문,posts/jongryu-unequal-u/jongryu-unequal-u-u0-material-removal-v2.png,https://cdn.jsdelivr.net/gh/charlotteyoon/wp-image@main/posts/jongryu-unequal-u/jongryu-unequal-u-u0-material-removal-v2.png
윤곽공차의-확장-1-불균등-공차영역을-정의하는-ⓤ-모,본문,posts/jongryu-unequal-u/jongryu-unequal-u-u05-material-addition-v2.png,https://cdn.jsdelivr.net/gh/charlotteyoon/wp-image@main/posts/jongryu-unequal-u/jongryu-unequal-u-u05-material-addition-v2.png
윤곽공차의-확장-1-불균등-공차영역을-정의하는-ⓤ-모,본문,posts/jongryu-unequal-u/jongryu-unequal-u-u01-unequal-bilateral-v2.png,https://cdn.jsdelivr.net/gh/charlotteyoon/wp-image@main/posts/jongryu-unequal-u/jongryu-unequal-u-u01-unequal-bilateral-v2.png
자전거로-알아보는-기하공차,본문,posts/sijak-ambiguity/sijak-ambiguity-bicycle-tire-rim.jpg,https://cdn.jsdelivr.net/gh/charlotteyoon/wp-image@main/posts/sijak-ambiguity/sijak-ambiguity-bicycle-tire-rim.jpg
자전거로-알아보는-기하공차,본문,posts/sijak-ambiguity/sijak-ambiguity-tire-rim-size-v2.jpg,https://cdn.jsdelivr.net/gh/charlotteyoon/wp-image@main/posts/sijak-ambiguity/sijak-ambiguity-tire-rim-size-v2.jpg
자전거로-알아보는-기하공차,본문,posts/sijak-ambiguity/sijak-ambiguity-wheel-size-vs-runout-v2.jpg,https://cdn.jsdelivr.net/gh/charlotteyoon/wp-image@main/posts/sijak-ambiguity/sijak-ambiguity-wheel-size-vs-runout-v2.jpg
자전거로-알아보는-기하공차,본문,posts/sijak-ambiguity/sijak-ambiguity-wheel-runout-drawing-v2.jpg,https://cdn.jsdelivr.net/gh/charlotteyoon/wp-image@main/posts/sijak-ambiguity/sijak-ambiguity-wheel-runout-drawing-v2.jpg
자전거로-알아보는-기하공차,본문,posts/sijak-ambiguity/sijak-ambiguity-wheel-runout-gauge.jpg,https://cdn.jsdelivr.net/gh/charlotteyoon/wp-image@main/posts/sijak-ambiguity/sijak-ambiguity-wheel-runout-gauge.jpg
치수공차의-한계,본문,posts/sijak-assembly/sijak-assembly-ambiguous-reference-edge.png,https://cdn.jsdelivr.net/gh/charlotteyoon/wp-image@main/posts/sijak-assembly/sijak-assembly-ambiguous-reference-edge.png
치수공차의-한계,본문,posts/sijak-assembly/sijak-assembly-ambiguous-hole-diameter.png,https://cdn.jsdelivr.net/gh/charlotteyoon/wp-image@main/posts/sijak-assembly/sijak-assembly-ambiguous-hole-diameter.png
치수공차의-한계,본문,posts/sijak-assembly/sijak-assembly-ambiguous-hole-distance.png,https://cdn.jsdelivr.net/gh/charlotteyoon/wp-image@main/posts/sijak-assembly/sijak-assembly-ambiguous-hole-distance.png
불량품이-합격하고-양품이-불합격되는-치수공차,본문,posts/sijak-defect-pass/sijak-defect-pass-hole-boss-assembly.png,https://cdn.jsdelivr.net/gh/charlotteyoon/wp-image@main/posts/sijak-defect-pass/sijak-defect-pass-hole-boss-assembly.png
불량품이-합격하고-양품이-불합격되는-치수공차,본문,posts/sijak-defect-pass/sijak-defect-pass-hole-boss-drawings-v2.png,https://cdn.jsdelivr.net/gh/charlotteyoon/wp-image@main/posts/sijak-defect-pass/sijak-defect-pass-hole-boss-drawings-v2.png
불량품이-합격하고-양품이-불합격되는-치수공차,본문,posts/sijak-defect-pass/sijak-defect-pass-clearance-calculation-v2.png,https://cdn.jsdelivr.net/gh/charlotteyoon/wp-image@main/posts/sijak-defect-pass/sijak-defect-pass-clearance-calculation-v2.png
불량품이-합격하고-양품이-불합격되는-치수공차,본문,posts/sijak-defect-pass/sijak-defect-pass-boss-shift-orthogonal-v2.png,https://cdn.jsdelivr.net/gh/charlotteyoon/wp-image@main/posts/sijak-defect-pass/sijak-defect-pass-boss-shift-orthogonal-v2.png
불량품이-합격하고-양품이-불합격되는-치수공차,본문,posts/sijak-defect-pass/sijak-defect-pass-boss-shift-diagonal-v2.png,https://cdn.jsdelivr.net/gh/charlotteyoon/wp-image@main/posts/sijak-defect-pass/sijak-defect-pass-boss-shift-diagonal-v2.png
불량품이-합격하고-양품이-불합격되는-치수공차,본문,posts/sijak-defect-pass/sijak-defect-pass-square-zone-wide-v2.png,https://cdn.jsdelivr.net/gh/charlotteyoon/wp-image@main/posts/sijak-defect-pass/sijak-defect-pass-square-zone-wide-v2.png
불량품이-합격하고-양품이-불합격되는-치수공차,본문,posts/sijak-defect-pass/sijak-defect-pass-diagonal-interference-check-v2.png,https://cdn.jsdelivr.net/gh/charlotteyoon/wp-image@main/posts/sijak-defect-pass/sijak-defect-pass-diagonal-interference-check-v2.png
불량품이-합격하고-양품이-불합격되는-치수공차,본문,posts/sijak-defect-pass/sijak-defect-pass-max-shift-without-interference-v2.png,https://cdn.jsdelivr.net/gh/charlotteyoon/wp-image@main/posts/sijak-defect-pass/sijak-defect-pass-max-shift-without-interference-v2.png
불량품이-합격하고-양품이-불합격되는-치수공차,본문,posts/sijak-defect-pass/sijak-defect-pass-pythagoras-square-zone-v2.png,https://cdn.jsdelivr.net/gh/charlotteyoon/wp-image@main/posts/sijak-defect-pass/sijak-defect-pass-pythagoras-square-zone-v2.png
불량품이-합격하고-양품이-불합격되는-치수공차,본문,posts/sijak-defect-pass/sijak-defect-pass-square-zone-narrow-v2.png,https://cdn.jsdelivr.net/gh/charlotteyoon/wp-image@main/posts/sijak-defect-pass/sijak-defect-pass-square-zone-narrow-v2.png
불량품이-합격하고-양품이-불합격되는-치수공차,본문,posts/sijak-defect-pass/sijak-defect-pass-pass-fail-by-zone-v2.png,https://cdn.jsdelivr.net/gh/charlotteyoon/wp-image@main/posts/sijak-defect-pass/sijak-defect-pass-pass-fail-by-zone-v2.png
불량품이-합격하고-양품이-불합격되는-치수공차,본문,posts/sijak-defect-pass/sijak-defect-pass-assembly-clearance-check-v2.png,https://cdn.jsdelivr.net/gh/charlotteyoon/wp-image@main/posts/sijak-defect-pass/sijak-defect-pass-assembly-clearance-check-v2.png
불량품이-합격하고-양품이-불합격되는-치수공차,본문,posts/sijak-defect-pass/sijak-defect-pass-measured-points-pass-fail-v2.png,https://cdn.jsdelivr.net/gh/charlotteyoon/wp-image@main/posts/sijak-defect-pass/sijak-defect-pass-measured-points-pass-fail-v2.png
불량품이-합격하고-양품이-불합격되는-치수공차,본문,posts/sijak-defect-pass/sijak-defect-pass-good-defect-matrix-v2.png,https://cdn.jsdelivr.net/gh/charlotteyoon/wp-image@main/posts/sijak-defect-pass/sijak-defect-pass-good-defect-matrix-v2.png
불량품이-합격하고-양품이-불합격되는-치수공차,본문,posts/sijak-defect-pass/sijak-defect-pass-defect-pass-good-fail-v2.png,https://cdn.jsdelivr.net/gh/charlotteyoon/wp-image@main/posts/sijak-defect-pass/sijak-defect-pass-defect-pass-good-fail-v2.png
불량품이-합격하고-양품이-불합격되는-치수공차,본문,posts/sijak-defect-pass/sijak-defect-pass-pythagoras-circle-zone-v2.png,https://cdn.jsdelivr.net/gh/charlotteyoon/wp-image@main/posts/sijak-defect-pass/sijak-defect-pass-pythagoras-circle-zone-v2.png
불량품이-합격하고-양품이-불합격되는-치수공차,본문,posts/sijak-defect-pass/sijak-defect-pass-circular-zone-matrix-v2.png,https://cdn.jsdelivr.net/gh/charlotteyoon/wp-image@main/posts/sijak-defect-pass/sijak-defect-pass-circular-zone-matrix-v2.png
불량품이-합격하고-양품이-불합격되는-치수공차,본문,posts/sijak-defect-pass/sijak-defect-pass-square-vs-circle-area-v2.png,https://cdn.jsdelivr.net/gh/charlotteyoon/wp-image@main/posts/sijak-defect-pass/sijak-defect-pass-square-vs-circle-area-v2.png
불량품이-합격하고-양품이-불합격되는-치수공차,본문,posts/sijak-defect-pass/sijak-defect-pass-dimensional-vs-gdt-drawing-v2.png,https://cdn.jsdelivr.net/gh/charlotteyoon/wp-image@main/posts/sijak-defect-pass/sijak-defect-pass-dimensional-vs-gdt-drawing-v2.png
도면오류비용,본문,posts/sijak-legal/sijak-legal-language-precision-scale.png,https://cdn.jsdelivr.net/gh/charlotteyoon/wp-image@main/posts/sijak-legal/sijak-legal-language-precision-scale.png
도면오류비용,본문,posts/sijak-legal/sijak-legal-drawing-error-cost-stages.png,https://cdn.jsdelivr.net/gh/charlotteyoon/wp-image@main/posts/sijak-legal/sijak-legal-drawing-error-cost-stages.png
기하공차로-좌절한-엔지니어를-위한-힐링-자기계발,본문,posts/sijak-training/sijak-training-book-table-of-contents.png,https://cdn.jsdelivr.net/gh/charlotteyoon/wp-image@main/posts/sijak-training/sijak-training-book-table-of-contents.png
