워드프레스_경로,새_경로,글_슬러그
sites/2/2026/04/모두의-기하공차GDT_데이텀-피쳐-식별-1-scaled.png,posts/datum-27-six-directions/datum-27-six-directions-datum-feature-symbol.png,6개-방향으로-공차를-통제할-수-있게-하는-6자유도
sites/2/2026/04/tistory_rule2_img_3.png,posts/datum-27-six-directions/datum-27-six-directions-fcf-position-abc.png,6개-방향으로-공차를-통제할-수-있게-하는-6자유도
sites/2/2026/04/tistory_스마토폰-6자유도_img1아트보드-13-사본-7@8x-20-scaled.jpg,posts/datum-28-six-dof/datum-28-six-dof-phone-on-desk.jpg,6자유도-스마트폰
sites/2/2026/04/tistory_스마토폰-6자유도_img2아트보드-13-사본-8@8x-20-scaled.jpg,posts/datum-28-six-dof/datum-28-six-dof-phone-move-left-right.jpg,6자유도-스마트폰
sites/2/2026/04/tistory_스마토폰-6자유도_img3아트보드-13-사본-9@8x-20-scaled.jpg,posts/datum-28-six-dof/datum-28-six-dof-phone-move-front-back.jpg,6자유도-스마트폰
sites/2/2026/04/tistory_스마토폰-6자유도_img4아트보드-13-사본-10@8x-20-scaled.jpg,posts/datum-28-six-dof/datum-28-six-dof-phone-move-up-down.jpg,6자유도-스마트폰
sites/2/2026/04/tistory_스마토폰-6자유도_img5아트보드-13-사본-11@8x-20-scaled.jpg,posts/datum-28-six-dof/datum-28-six-dof-phone-rotate-clockwise.jpg,6자유도-스마트폰
sites/2/2026/04/tistory_스마토폰-6자유도_img6아트보드-13-사본-12@8x-20-scaled.jpg,posts/datum-28-six-dof/datum-28-six-dof-phone-rotate-left-right.jpg,6자유도-스마트폰
sites/2/2026/04/tistory_스마토폰-6자유도_img7아트보드-13-사본-13@8x-20-scaled.jpg,posts/datum-28-six-dof/datum-28-six-dof-phone-rotate-front-back.jpg,6자유도-스마트폰
sites/2/2026/04/tistory_스마토폰-6자유도_img8아트보드-13-사본-14@8x-20-scaled.jpg,posts/datum-28-six-dof/datum-28-six-dof-desk-constrained-dof.jpg,6자유도-스마트폰
sites/2/2026/04/모두의-기하공차GDT_데이텀-피쳐-식별-1-scaled.png,posts/datum-31-feature-identification/datum-31-feature-identification-datum-feature-symbol.png,데이텀-피쳐의-식별
sites/2/2026/04/모두의-기하공차GDT_데이텀-피쳐-식별-3-scaled.png,posts/datum-31-feature-identification/datum-31-feature-identification-datum-placement-surface-vs-size.png,데이텀-피쳐의-식별
sites/2/2026/04/모두의-기하공차GDT_데이텀-피쳐-식별-4-scaled.png,posts/datum-31-feature-identification/datum-31-feature-identification-flange-datum-plane.png,데이텀-피쳐의-식별
sites/2/2026/04/모두의-기하공차GDT_데이텀-피쳐-식별-5-scaled.png,posts/datum-31-feature-identification/datum-31-feature-identification-flange-datum-axis.png,데이텀-피쳐의-식별
sites/2/2026/04/모두의-기하공차GDT_데이텀-피쳐-식별-6-scaled.png,posts/datum-31-feature-identification/datum-31-feature-identification-datum-placement-methods-block.png,데이텀-피쳐의-식별
sites/2/2026/04/모두의-기하공차GDT_데이텀-피쳐-식별-7-scaled.png,posts/datum-31-feature-identification/datum-31-feature-identification-datum-placement-methods-flange.png,데이텀-피쳐의-식별
sites/2/2026/04/모두의-기하공차GDT_데이텀-피쳐-식별-10-scaled.png,posts/datum-31-feature-identification/datum-31-feature-identification-datum-placement-isometric.png,데이텀-피쳐의-식별
sites/2/2026/04/모두의-기하공차GDT_데이텀-피쳐-식별-8-scaled.png,posts/datum-31-feature-identification/datum-31-feature-identification-datum-plane-vs-center-plane.png,데이텀-피쳐의-식별
sites/2/2026/04/모두의-기하공차GDT_데이텀-피쳐-식별-9-scaled.png,posts/datum-31-feature-identification/datum-31-feature-identification-ambiguous-datum-axis-diameter.png,데이텀-피쳐의-식별
sites/2/2026/04/모두의-기하공차GDT_ASME-Y14.5-2018-인용-3-scaled.png,posts/datum-33-what-is-datum/datum-33-what-is-datum-asme-datum-section-general.png,데이텀-정의
sites/2/2026/04/모두의-기하공차GDT_ASME-Y14.5-2018-인용-4-scaled.png,posts/datum-33-what-is-datum/datum-33-what-is-datum-asme-def-datum.png,데이텀-정의
sites/2/2026/06/모두의-기하공차GDT_ASME-Y14.5-2018-인용-4-scaled.png,posts/datum-33-what-is-datum/datum-33-what-is-datum-asme-def-datum-revisit.png,데이텀-정의
sites/2/2026/04/모두의-기하공차GDT_ASME-Y14.5-2018-인용-6-scaled.png,posts/datum-33-what-is-datum/datum-33-what-is-datum-asme-def-true-geometric-counterpart.png,데이텀-정의
sites/2/2026/04/모두의-기하공차GDT_ASME-Y14.5-2018-인용-5-scaled.png,posts/datum-33-what-is-datum/datum-33-what-is-datum-asme-def-datum-feature.png,데이텀-정의
sites/2/2026/04/모두의-기하공차GDT_ASME-Y14.5-2018-인용-7-scaled.png,posts/datum-33-what-is-datum/datum-33-what-is-datum-datum-feature-tgc-datum-flow.png,데이텀-정의
sites/2/2026/04/모두의-기하공차GDT_기하공차-해석하기-2-61-scaled.png,posts/datum-33-what-is-datum/datum-33-what-is-datum-datum-feature-symbols-drawing.png,데이텀-정의
sites/2/2026/04/모두의-기하공차GDT_기하공차-해석하기-2-62-scaled.png,posts/datum-33-what-is-datum/datum-33-what-is-datum-datum-reference-order-drawing.png,데이텀-정의
sites/2/2026/04/모두의-기하공차GDT_기하공차-해석하기-2-63-scaled.png,posts/datum-33-what-is-datum/datum-33-what-is-datum-datum-references-in-fcf.png,데이텀-정의
sites/2/2026/04/모두의-기하공차GDT_기하공차-4단계-해석법-103-1-scaled.png,posts/datum-33-what-is-datum/datum-33-what-is-datum-gdt-summary-table-datum.png,데이텀-정의
sites/2/2026/04/모두의-기하공차GDT_ASME-Y14.5-2018-인용-4-scaled.png,posts/datum-34-simulated-datum/datum-34-simulated-datum-asme-def-datum.png,우리가-측정에서-다루는-데이텀은-진짜-데이텀이-아
sites/2/2026/06/모두의-기하공차GDT_ASME-Y14.5-2018-인용-4-scaled.png,posts/datum-34-simulated-datum/datum-34-simulated-datum-asme-def-datum-plain.png,우리가-측정에서-다루는-데이텀은-진짜-데이텀이-아
sites/2/2026/06/모두의-기하공차GDT_ASME-Y14.5-2018-인용-17-scaled.png,posts/datum-34-simulated-datum/datum-34-simulated-datum-asme-def-simulated-datum.png,우리가-측정에서-다루는-데이텀은-진짜-데이텀이-아
sites/2/2026/06/모두의-기하공차GDT_데이텀-시뮬레이션-1-scaled.png,posts/datum-34-simulated-datum/datum-34-simulated-datum-profile-datum-a-drawing.png,우리가-측정에서-다루는-데이텀은-진짜-데이텀이-아
sites/2/2026/06/모두의-기하공차GDT_데이텀-시뮬레이션-2-scaled.png,posts/datum-34-simulated-datum/datum-34-simulated-datum-ideal-vs-actual-part.png,우리가-측정에서-다루는-데이텀은-진짜-데이텀이-아
sites/2/2026/06/모두의-기하공차GDT_데이텀-시뮬레이션-4-1-scaled.png,posts/datum-34-simulated-datum/datum-34-simulated-datum-actual-datum-feature.png,우리가-측정에서-다루는-데이텀은-진짜-데이텀이-아
sites/2/2026/06/모두의-기하공차GDT_데이텀-시뮬레이션-5-1-scaled.png,posts/datum-34-simulated-datum/datum-34-simulated-datum-height-gauge-actual-datum.png,우리가-측정에서-다루는-데이텀은-진짜-데이텀이-아
sites/2/2026/06/모두의-기하공차GDT_데이텀-시뮬레이션-9-2-scaled.png,posts/datum-34-simulated-datum/datum-34-simulated-datum-part-rocking-on-plate.png,우리가-측정에서-다루는-데이텀은-진짜-데이텀이-아
sites/2/2026/06/모두의-기하공차GDT_데이텀-시뮬레이션-8-1-scaled.png,posts/datum-34-simulated-datum/datum-34-simulated-datum-simulator-derived-datum.png,우리가-측정에서-다루는-데이텀은-진짜-데이텀이-아
sites/2/2026/06/모두의-기하공차GDT_데이텀-시뮬레이션-10-1-scaled.png,posts/datum-34-simulated-datum/datum-34-simulated-datum-actual-vs-simulated-measure.png,우리가-측정에서-다루는-데이텀은-진짜-데이텀이-아
sites/2/2026/06/모두의-기하공차GDT_데이텀-시뮬레이션-11-scaled.png,posts/datum-34-simulated-datum/datum-34-simulated-datum-profile-zone-from-simulator.png,우리가-측정에서-다루는-데이텀은-진짜-데이텀이-아
sites/2/2026/06/모두의-기하공차GDT_데이텀-시뮬레이션-12-scaled.png,posts/datum-34-simulated-datum/datum-34-simulated-datum-datum-mismatch-closeup.png,우리가-측정에서-다루는-데이텀은-진짜-데이텀이-아
sites/2/2026/04/모두의-기하공차GDT_FCF-14-scaled.png,posts/draft-4step-interpretation/draft-4step-interpretation-fcf-four-elements.png,해석법-4단계
sites/2/2026/04/모두의-기하공차GDT_기하공차-4단계-해석법-1-scaled.png,posts/draft-4step-interpretation/draft-4step-interpretation-four-step-overview.png,해석법-4단계
sites/2/2026/04/모두의-기하공차GDT_기하공차-4단계-해석법-98-scaled.png,posts/draft-4step-interpretation/draft-4step-interpretation-gdt-summary-table.png,해석법-4단계
sites/2/2026/04/모두의-기하공차GDT_기하공차-4단계-해석법-100-scaled.png,posts/draft-4step-interpretation/draft-4step-interpretation-summary-table-feature-type.png,해석법-4단계
sites/2/2026/04/모두의-기하공차GDT_기하공차-4단계-해석법-105-scaled.png,posts/draft-4step-interpretation/draft-4step-interpretation-surface-size-venn.png,해석법-4단계
sites/2/2026/04/모두의-기하공차GDT_기하공차-4단계-해석법-101-scaled.png,posts/draft-4step-interpretation/draft-4step-interpretation-summary-table-tolerance-type.png,해석법-4단계
sites/2/2026/04/tistory_해석법-4단계_img_3.png,posts/draft-4step-interpretation/draft-4step-interpretation-tolerance-symbol-meanings.png,해석법-4단계
sites/2/2026/04/모두의-기하공차GDT_기하공차-4단계-해석법-102-scaled.png,posts/draft-4step-interpretation/draft-4step-interpretation-summary-table-tolerance-zone.png,해석법-4단계
sites/2/2026/04/모두의-기하공차GDT_기하공차-4단계-해석법-103-scaled.png,posts/draft-4step-interpretation/draft-4step-interpretation-summary-table-datum.png,해석법-4단계
sites/2/2026/04/tistory_기하공차-정의하기-1_img.png,posts/draft-define-gdt-1/draft-define-gdt-1-plate-hole-drawing.png,기하공차-정의하기-1
sites/2/2026/04/tistory_기하공차-정의하기-1_img_1.png,posts/draft-define-gdt-1/draft-define-gdt-1-datum-features-abc.png,기하공차-정의하기-1
sites/2/2026/04/tistory_기하공차-정의하기-1_img_2.png,posts/draft-define-gdt-1/draft-define-gdt-1-datum-form-orientation.png,기하공차-정의하기-1
sites/2/2026/04/tistory_기하공차-정의하기-1_img_3.png,posts/draft-define-gdt-1/draft-define-gdt-1-basic-size-tolerance.png,기하공차-정의하기-1
sites/2/2026/04/tistory_기하공차-정의하기-1_img_4.png,posts/draft-define-gdt-1/draft-define-gdt-1-hole-position-fcf.png,기하공차-정의하기-1
sites/2/2026/04/모두의-기하공차GDT_ASME-Y14.5-2018-인용-9-1-scaled.png,posts/draft-size-mmc-lmc/draft-size-mmc-lmc-asme-def-nominal-size.png,사이즈-노미널
sites/2/2026/04/tistory_사이즈-정의-중요한-MMC-LMC_img1_대지-사본-7@8x-20-scaled.jpg,posts/draft-size-mmc-lmc/draft-size-mmc-lmc-equal-bilateral-tolerance.jpg,사이즈-노미널
sites/2/2026/04/tistory_사이즈-정의-중요한-MMC-LMC_img2_대지-사본-3@8x-20-scaled.jpg,posts/draft-size-mmc-lmc/draft-size-mmc-lmc-limit-dimension.jpg,사이즈-노미널
sites/2/2026/04/tistory_사이즈-정의-중요한-MMC-LMC_img3_대지-사본-4@8x-20-scaled.jpg,posts/draft-size-mmc-lmc/draft-size-mmc-lmc-unilateral-tolerance.jpg,사이즈-노미널
sites/2/2026/04/tistory_사이즈-정의-중요한-MMC-LMC_img4_대지-사본-5@8x-20-scaled.jpg,posts/draft-size-mmc-lmc/draft-size-mmc-lmc-unequal-bilateral-tolerance.jpg,사이즈-노미널
sites/2/2026/04/tistory_사이즈-정의-중요한-MMC-LMC_img5_대지-사본-6@8x-20-scaled.jpg,posts/draft-size-mmc-lmc/draft-size-mmc-lmc-general-tolerance.jpg,사이즈-노미널
sites/2/2026/04/tistory_사이즈-정의-중요한-MMC-LMC_img6_대지@8x-20-scaled.jpg,posts/draft-size-mmc-lmc/draft-size-mmc-lmc-nominal-comparison.jpg,사이즈-노미널
sites/2/2026/04/tistory_사이즈-정의-중요한-MMC-LMC_img7_대지-사본@8x-20-scaled.jpg,posts/draft-size-mmc-lmc/draft-size-mmc-lmc-mmc-lmc-comparison.jpg,사이즈-노미널
sites/2/2026/04/tistory_서피스-관점-평가_img_1.png,posts/draft-surface-eval/draft-surface-eval-hole-position-mmc-drawing.png,(초안:MMC(LMC)에서 정의된 기하공차는 서피스 관점에서 평가한다.)
sites/2/2026/04/tistory_서피스-관점-평가_img_2.png,posts/draft-surface-eval/draft-surface-eval-irregular-actual-hole.png,(초안:MMC(LMC)에서 정의된 기하공차는 서피스 관점에서 평가한다.)
sites/2/2026/04/tistory_서피스-관점-평가_img_3.png,posts/draft-surface-eval/draft-surface-eval-axis-tolerance-zone.png,(초안:MMC(LMC)에서 정의된 기하공차는 서피스 관점에서 평가한다.)
sites/2/2026/04/tistory_서피스-관점-평가_img_4.png,posts/draft-surface-eval/draft-surface-eval-hole-ame-axis.png,(초안:MMC(LMC)에서 정의된 기하공차는 서피스 관점에서 평가한다.)
sites/2/2026/04/tistory_서피스-관점-평가_img_5.png,posts/draft-surface-eval/draft-surface-eval-mmc-modifier-highlight.png,(초안:MMC(LMC)에서 정의된 기하공차는 서피스 관점에서 평가한다.)
sites/2/2026/04/tistory_서피스-관점-평가_img_6.png,posts/draft-surface-eval/draft-surface-eval-vc-boundary.png,(초안:MMC(LMC)에서 정의된 기하공차는 서피스 관점에서 평가한다.)
sites/2/2026/04/tistory_서피스-관점-평가_img_7.png,posts/draft-surface-eval/draft-surface-eval-hole-surface-vs-vc.png,(초안:MMC(LMC)에서 정의된 기하공차는 서피스 관점에서 평가한다.)
sites/2/2026/04/모두의-기하공차GDT_FCF-8-scaled.png,posts/draft-tolerance-zone/draft-tolerance-zone-fcf-tolerance-zone-value.png,기하공차-공차영역
sites/2/2026/04/모두의-기하공차GDT_공차영역-80-scaled.png,posts/draft-tolerance-zone/draft-tolerance-zone-surface-types-zones.png,기하공차-공차영역
sites/2/2026/04/모두의-기하공차GDT_공차영역-88-scaled.png,posts/draft-tolerance-zone/draft-tolerance-zone-width-cylinder-sphere-zones.png,기하공차-공차영역
sites/2/2026/04/모두의-기하공차GDT_공차영역-81-scaled.png,posts/draft-tolerance-zone/draft-tolerance-zone-3d-tolerance-zones.png,기하공차-공차영역
sites/2/2026/04/모두의-기하공차GDT_공차영역-82-scaled.png,posts/draft-tolerance-zone/draft-tolerance-zone-2d-section-tolerance-zones.png,기하공차-공차영역
sites/2/2026/04/모두의-기하공차GDT_공차영역-84-scaled.png,posts/draft-tolerance-zone/draft-tolerance-zone-flatness-vs-straightness-zone.png,기하공차-공차영역
sites/2/2026/04/모두의-기하공차GDT_FCF-45-scaled.png,posts/draft-tolerance-zone/draft-tolerance-zone-flange-drawing-zone-sizes.png,기하공차-공차영역
sites/2/2026/04/모두의-기하공차GDT_ASME-Y14.5-2018-인용-2-scaled.png,posts/gibon-g00/gibon-g00-asme-def-rule-1.png,rule-1
sites/2/2026/04/모두의-기하공차GDT_Rule-1-6-scaled.png,posts/gibon-g00/gibon-g00-envelope-hole-pin.png,rule-1
sites/2/2026/04/모두의-기하공차GDT_ASME-Y14.5-2018-인용-8-scaled.png,posts/gibon-g01/gibon-g01-asme-def-rule-2.png,asme-rule2
sites/2/2026/04/tistory_rule2_img.png,posts/gibon-g01/gibon-g01-fcf-rfs.png,asme-rule2
sites/2/2026/04/tistory_rule2_img_1.png,posts/gibon-g01/gibon-g01-fcf-mmc-modifier.png,asme-rule2
sites/2/2026/04/tistory_rule2_img_2.png,posts/gibon-g01/gibon-g01-fcf-lmc-modifier.png,asme-rule2
sites/2/2026/04/tistory_rule2_img_3.png,posts/gibon-g01/gibon-g01-fcf-rmb-datum.png,asme-rule2
sites/2/2026/04/tistory_rule2_img_4.png,posts/gibon-g01/gibon-g01-fcf-mmb-datum.png,asme-rule2
sites/2/2026/04/tistory_rule2_img_5.png,posts/gibon-g01/gibon-g01-fcf-lmb-datum.png,asme-rule2
sites/2/2026/04/모두의-기하공차GDT_데이텀-피쳐-식별-6-사본-scaled.png,posts/gibon-g02/gibon-g02-c-block-fcf-placement.png,fcf-배치로-결정되는-규제-대상-서피스-피쳐-vs-사이즈
sites/2/2026/04/모두의-기하공차GDT_데이텀-피쳐-식별-7-사본-scaled.png,posts/gibon-g02/gibon-g02-flange-fcf-placement.png,fcf-배치로-결정되는-규제-대상-서피스-피쳐-vs-사이즈
sites/2/2026/04/모두의-기하공차GDT_FCF-배치-14-1-scaled.png,posts/gibon-g02/gibon-g02-c-block-surface-vs-size.png,fcf-배치로-결정되는-규제-대상-서피스-피쳐-vs-사이즈
sites/2/2026/04/모두의-기하공차GDT_FCF-배치-16-scaled.png,posts/gibon-g02/gibon-g02-cylinder-surface-vs-size.png,fcf-배치로-결정되는-규제-대상-서피스-피쳐-vs-사이즈
sites/2/2026/04/모두의-기하공차GDT_피쳐-23-scaled.png,posts/gibon-g02/gibon-g02-surface-size-venn.png,fcf-배치로-결정되는-규제-대상-서피스-피쳐-vs-사이즈
sites/2/2026/04/모두의-기하공차GDT_공차영역-90-scaled.png,posts/gibon-g02/gibon-g02-surface-vs-center-element.png,fcf-배치로-결정되는-규제-대상-서피스-피쳐-vs-사이즈
sites/2/2026/04/모두의-기하공차GDT_FCF-14-scaled.png,posts/gibon-g03/gibon-g03-fcf-structure.png,fcf-읽는-방법
sites/2/2026/04/모두의-기하공차GDT_FCF-15-scaled.png,posts/gibon-g03/gibon-g03-gdt-language-analogy.png,fcf-읽는-방법
sites/2/2026/04/모두의-기하공차GDT_FCF-16-scaled.png,posts/gibon-g03/gibon-g03-flange-drawing-fcfs.png,fcf-읽는-방법
sites/2/2026/04/모두의-기하공차GDT_FCF-17-scaled.png,posts/gibon-g03/gibon-g03-fcf-flatness-bottom.png,fcf-읽는-방법
sites/2/2026/04/모두의-기하공차GDT_FCF-18-scaled.png,posts/gibon-g03/gibon-g03-fcf-profile-boss-top.png,fcf-읽는-방법
sites/2/2026/04/모두의-기하공차GDT_FCF-19-scaled.png,posts/gibon-g03/gibon-g03-fcf-perpendicularity-boss.png,fcf-읽는-방법
sites/2/2026/04/모두의-기하공차GDT_FCF-20-scaled.png,posts/gibon-g03/gibon-g03-fcf-position-bore.png,fcf-읽는-방법
sites/2/2026/04/모두의-기하공차GDT_FCF-21-scaled.png,posts/gibon-g03/gibon-g03-fcf-position-pattern-holes.png,fcf-읽는-방법
sites/2/2026/04/모두의-기하공차GDT_FCF-22-scaled.png,posts/gibon-g03/gibon-g03-fcf-general-profile.png,fcf-읽는-방법
sites/2/2026/04/모두의-기하공차GDT_FCF-23-scaled.png,posts/gibon-g03/gibon-g03-general-profile-surfaces.png,fcf-읽는-방법
sites/2/2026/04/모두의-기하공차GDT_FCF-3-scaled.png,posts/gibon-g04/gibon-g04-flange-drawing-fcf-zoom.png,fcf-피쳐-컨트롤-프레임
sites/2/2026/04/모두의-기하공차GDT_FCF-5-scaled.png,posts/gibon-g04/gibon-g04-fcf-leader-to-feature.png,fcf-피쳐-컨트롤-프레임
sites/2/2026/04/모두의-기하공차GDT_FCF-6-scaled.png,posts/gibon-g04/gibon-g04-fcf-tolerance-type-cell.png,fcf-피쳐-컨트롤-프레임
sites/2/2026/04/모두의-기하공차GDT_FCF-7-scaled.png,posts/gibon-g04/gibon-g04-geometric-symbols-14.png,fcf-피쳐-컨트롤-프레임
sites/2/2026/04/모두의-기하공차GDT_FCF-8-scaled.png,posts/gibon-g04/gibon-g04-fcf-tolerance-zone-cell.png,fcf-피쳐-컨트롤-프레임
sites/2/2026/04/모두의-기하공차GDT_FCF-9-scaled.png,posts/gibon-g04/gibon-g04-tolerance-zone-shapes.png,fcf-피쳐-컨트롤-프레임
sites/2/2026/04/모두의-기하공차GDT_FCF-10-scaled.png,posts/gibon-g04/gibon-g04-fcf-datum-feature-cells.png,fcf-피쳐-컨트롤-프레임
sites/2/2026/04/모두의-기하공차GDT_FCF-11-scaled.png,posts/gibon-g04/gibon-g04-fcf-datum-reference-count.png,fcf-피쳐-컨트롤-프레임
sites/2/2026/04/모두의-기하공차GDT_FCF-14-scaled.png,posts/gibon-g04/gibon-g04-fcf-structure.png,fcf-피쳐-컨트롤-프레임
sites/2/2026/04/모두의-기하공차GDT_표-scaled.png,posts/gibon-g05/gibon-g05-dt-vs-gdt-table.png,체계로서의-gdt
sites/2/2026/04/모두의-기하공차GDT_치수공차의-한계-2-scaled.png,posts/gibon-g05/gibon-g05-food-illustrations.png,체계로서의-gdt
sites/2/2026/04/모두의-기하공차GDT_치수공차의-한계-3-scaled.png,posts/gibon-g05/gibon-g05-lemon-drawing-stages.png,체계로서의-gdt
sites/2/2026/04/Rule1_0-scaled.png,posts/gibon-g06/gibon-g06-rule-1-form-deviation-graph.png,rule-1-실제-적용과-검사방법
sites/2/2026/04/Rule1_2-scaled.png,posts/gibon-g06/gibon-g06-pin-gauge-hole-check.png,rule-1-실제-적용과-검사방법
sites/2/2026/04/Rule1_3-scaled.png,posts/gibon-g06/gibon-g06-ring-gauge-pin-check.png,rule-1-실제-적용과-검사방법
sites/2/2026/04/자산-17-scaled.png,posts/gibon-g08/gibon-g08-term-card-tolerance.png,공차편차오차-기하공차-필수-용어-정리
sites/2/2026/04/자산-16-scaled.png,posts/gibon-g08/gibon-g08-term-card-deviation.png,공차편차오차-기하공차-필수-용어-정리
sites/2/2026/04/자산-15-scaled.png,posts/gibon-g08/gibon-g08-term-card-error.png,공차편차오차-기하공차-필수-용어-정리
sites/2/2026/04/자산-12-scaled.png,posts/gibon-g08/gibon-g08-design-make-inspect-flow.png,공차편차오차-기하공차-필수-용어-정리
sites/2/2026/04/자산-14-scaled.png,posts/gibon-g08/gibon-g08-drawing-report-analysis.png,공차편차오차-기하공차-필수-용어-정리
sites/2/2026/04/모두의-기하공차GDT_원페이지-기하공차-1page-GDT-1-2-scaled.png,posts/gibon-g09/gibon-g09-gdt-summary-table.png,원페이지-기하공차-1-page-gdt
sites/2/2026/04/모두의-기하공차GDT_FCF-1-scaled.png,posts/gibon-g10/gibon-g10-puzzle-book-music-analogy.png,기하공차-gdt-시작-fcf
sites/2/2026/04/모두의-기하공차GDT_FCF-2-scaled.png,posts/gibon-g10/gibon-g10-flange-drawing.png,기하공차-gdt-시작-fcf
sites/2/2026/04/모두의-기하공차GDT_FCF-3-scaled.png,posts/gibon-g10/gibon-g10-flange-drawing-fcf-zoom.png,기하공차-gdt-시작-fcf
sites/2/2026/04/모두의-기하공차GDT_FCF-4-scaled.png,posts/gibon-g10/gibon-g10-flange-drawing-datum-zoom.png,기하공차-gdt-시작-fcf
sites/2/2026/04/tistory_베이직치수와일반치수_img_1-scaled.png,posts/gibon-g11/gibon-g11-basic-vs-toleranced-dim.png,베이직-치수-일반-치수-비교
sites/2/2026/04/tistory_베이직치수와일반치수_img_2.png,posts/gibon-g11/gibon-g11-profile-with-without-datum.png,베이직-치수-일반-치수-비교
sites/2/2026/04/tistory_베이직치수와일반치수_img_3.png,posts/gibon-g11/gibon-g11-profile-add-basic-dim.png,베이직-치수-일반-치수-비교
sites/2/2026/04/tistory_베이직치수와일반치수_img_4-scaled.png,posts/gibon-g11/gibon-g11-basic-vs-plus-minus.png,베이직-치수-일반-치수-비교
sites/2/2026/04/tistory_베이직치수와일반치수_img_5.png,posts/gibon-g11/gibon-g11-size-and-profile-split.png,베이직-치수-일반-치수-비교
sites/2/2026/04/모두의-기하공차GDT_베이직-치수-6-scaled.png,posts/gibon-g12/gibon-g12-basic-dim-symbol.png,베이직-치수
sites/2/2026/04/모두의-기하공차GDT_베이직-치수-9-scaled.png,posts/gibon-g12/gibon-g12-basic-dim-methods.png,베이직-치수
sites/2/2026/04/모두의-기하공차GDT_베이직-치수-10-scaled.png,posts/gibon-g12/gibon-g12-cartesian-vs-polar.png,베이직-치수
sites/2/2026/04/모두의-기하공차GDT_베이직-치수-11-scaled.png,posts/gibon-g12/gibon-g12-baseline-vs-chain.png,베이직-치수
sites/2/2026/05/모두의-기하공차GDT_ASME-Y14.5-2018-인용-10-scaled.png,posts/gibon-g13/gibon-g13-asme-def-basic-dimension.png,베이직-치수의-완전한-이해-개념부터-트루-포지션
sites/2/2026/05/모두의-기하공차GDT_ASME-Y14.5-2018-인용-16-scaled.png,posts/gibon-g13/gibon-g13-asme-def-directly-toleranced.png,베이직-치수의-완전한-이해-개념부터-트루-포지션
sites/2/2026/05/모두의-기하공차GDT_ASME-Y14.5-2018-인용-12-scaled.png,posts/gibon-g13/gibon-g13-general-tolerance-table.png,베이직-치수의-완전한-이해-개념부터-트루-포지션
sites/2/2026/05/모두의-기하공차GDT_ASME-Y14.5-2018-인용-13-scaled.png,posts/gibon-g13/gibon-g13-asme-implied-basic-rules.png,베이직-치수의-완전한-이해-개념부터-트루-포지션
sites/2/2026/05/모두의-기하공차GDT_ASME-Y14.5-2018-인용-15-scaled.png,posts/gibon-g13/gibon-g13-asme-def-true-profile.png,베이직-치수의-완전한-이해-개념부터-트루-포지션
sites/2/2026/05/모두의-기하공차GDT_베이직-치수-13-scaled.png,posts/gibon-g13/gibon-g13-implied-basic-dimensions.png,베이직-치수의-완전한-이해-개념부터-트루-포지션
sites/2/2026/05/모두의-기하공차GDT_ASME-Y14.5-2018-인용-14-scaled.png,posts/gibon-g13/gibon-g13-asme-def-true-position.png,베이직-치수의-완전한-이해-개념부터-트루-포지션
sites/2/2026/05/모두의-기하공차GDT_베이직-치수-12-scaled.png,posts/gibon-g13/gibon-g13-explicit-basic-dimensions.png,베이직-치수의-완전한-이해-개념부터-트루-포지션
sites/2/2026/04/모두의-기하공차GDT_피쳐-40-scaled.png,posts/gibon-g14/gibon-g14-internal-features-caliper.png,사이즈-피쳐
sites/2/2026/04/모두의-기하공차GDT_피쳐-41-scaled.png,posts/gibon-g14/gibon-g14-external-features-caliper.png,사이즈-피쳐
sites/2/2026/04/모두의-기하공차GDT_피쳐-42-scaled.png,posts/gibon-g14/gibon-g14-slot-rail-blocks.png,사이즈-피쳐
sites/2/2026/04/모두의-기하공차GDT_피쳐-43-scaled.png,posts/gibon-g14/gibon-g14-internal-size-features.png,사이즈-피쳐
sites/2/2026/04/모두의-기하공차GDT_피쳐-44-scaled.png,posts/gibon-g14/gibon-g14-external-size-features.png,사이즈-피쳐
sites/2/2026/04/모두의-기하공차GDT_피쳐-39-scaled.png,posts/gibon-g14/gibon-g14-size-feature-types-center.png,사이즈-피쳐
sites/2/2026/04/모두의-기하공차GDT_피쳐-16-scaled.png,posts/gibon-g15/gibon-g15-size-feature-caliper-check.png,사이즈-피쳐의-성립조건
sites/2/2026/04/모두의-기하공차GDT_피쳐-41-scaled.png,posts/gibon-g15/gibon-g15-external-size-features.png,사이즈-피쳐의-성립조건
sites/2/2026/04/모두의-기하공차GDT_피쳐-40-scaled.png,posts/gibon-g15/gibon-g15-internal-size-features.png,사이즈-피쳐의-성립조건
sites/2/2026/04/모두의-기하공차GDT_피쳐-17-scaled.png,posts/gibon-g15/gibon-g15-partial-hole-size-feature.png,사이즈-피쳐의-성립조건
sites/2/2026/04/모두의-기하공차GDT_FCF-41-scaled.png,posts/gibon-g16/gibon-g16-flange-part-vs-drawing.png,서피스-피쳐-사이즈-피쳐-비교
sites/2/2026/04/모두의-기하공차GDT_FCF-43-scaled.png,posts/gibon-g16/gibon-g16-flange-surface-types.png,서피스-피쳐-사이즈-피쳐-비교
sites/2/2026/04/모두의-기하공차GDT_피쳐-25-scaled.png,posts/gibon-g16/gibon-g16-surface-feature-element.png,서피스-피쳐-사이즈-피쳐-비교
sites/2/2026/04/모두의-기하공차GDT_피쳐-38-scaled.png,posts/gibon-g16/gibon-g16-size-feature-element.png,서피스-피쳐-사이즈-피쳐-비교
sites/2/2026/04/모두의-기하공차GDT_피쳐-39-scaled.png,posts/gibon-g16/gibon-g16-size-feature-types.png,서피스-피쳐-사이즈-피쳐-비교
sites/2/2026/04/모두의-기하공차GDT_피쳐-23-scaled.png,posts/gibon-g16/gibon-g16-surface-size-venn.png,서피스-피쳐-사이즈-피쳐-비교
sites/2/2026/04/서피스-해석과-중심축-해석_1-1-scaled.png,posts/gibon-g17/gibon-g17-surface-vs-axis-interpretation.png,서피스-해석-vs-중심축-해석-측정방법이-다르면-해석
sites/2/2026/04/서피스-해석과-중심축-해석_2-scaled.png,posts/gibon-g17/gibon-g17-virtual-condition-calc.png,서피스-해석-vs-중심축-해석-측정방법이-다르면-해석
sites/2/2026/04/서피스-해석과-중심축-해석_3-scaled.png,posts/gibon-g17/gibon-g17-bonus-tolerance-formula.png,서피스-해석-vs-중심축-해석-측정방법이-다르면-해석
sites/2/2026/04/서피스-해석과-중심축-해석_4-scaled.png,posts/gibon-g17/gibon-g17-bonus-tolerance-graph.png,서피스-해석-vs-중심축-해석-측정방법이-다르면-해석
sites/2/2026/04/서피스-해석과-중심축-해석_5-1-scaled.png,posts/gibon-g17/gibon-g17-bonus-tolerance-examples.png,서피스-해석-vs-중심축-해석-측정방법이-다르면-해석
sites/2/2026/04/모두의-기하공차GDT_피쳐-21-scaled.png,posts/gibon-g18/gibon-g18-flange-part.png,서피스-피쳐-비교
sites/2/2026/04/모두의-기하공차GDT_FCF-29-scaled.png,posts/gibon-g18/gibon-g18-flange-features.png,서피스-피쳐-비교
sites/2/2026/04/모두의-기하공차GDT_FCF-2-scaled.png,posts/gibon-g18/gibon-g18-flange-drawing.png,서피스-피쳐-비교
sites/2/2026/04/모두의-기하공차GDT_FCF-30-scaled.png,posts/gibon-g18/gibon-g18-flange-features-fcf.png,서피스-피쳐-비교
sites/2/2026/04/모두의-기하공차GDT_FCF-31-scaled.png,posts/gibon-g18/gibon-g18-flange-datum-features.png,서피스-피쳐-비교
sites/2/2026/04/모두의-기하공차GDT_치수공차의-한계-13-scaled.png,posts/gibon-g19/gibon-g19-step-block-plus-minus.png,도면에-없으면-없는-것이다
sites/2/2026/04/모두의-기하공차GDT_치수공차의-한계-14-scaled.png,posts/gibon-g19/gibon-g19-step-block-origin.png,도면에-없으면-없는-것이다
sites/2/2026/04/모두의-기하공차GDT_치수공차의-한계-15-scaled.png,posts/gibon-g19/gibon-g19-step-block-profile-datum.png,도면에-없으면-없는-것이다
sites/2/2026/04/모두의-기하공차GDT_FCF-24-scaled.png,posts/gibon-g20/gibon-g20-fcf-target-feature.png,피쳐-정의
sites/2/2026/04/모두의-기하공차GDT_ASME-Y14.5-2018-인용-1-scaled.png,posts/gibon-g20/gibon-g20-asme-def-feature.png,피쳐-정의
sites/2/2026/04/모두의-기하공차GDT_피쳐-10-scaled.png,posts/gibon-g20/gibon-g20-sphere-cylinder-cube.png,피쳐-정의
sites/2/2026/04/모두의-기하공차GDT_피쳐-11-scaled.png,posts/gibon-g20/gibon-g20-cube-and-plate.png,피쳐-정의
sites/2/2026/04/모두의-기하공차GDT_피쳐-12-scaled.png,posts/gibon-g20/gibon-g20-hole-pin-pairs.png,피쳐-정의
sites/2/2026/04/모두의-기하공차GDT_피쳐-13-scaled.png,posts/gibon-g20/gibon-g20-plate-surface-count.png,피쳐-정의
sites/2/2026/04/모두의-기하공차GDT_피쳐-14-scaled.png,posts/gibon-g20/gibon-g20-slot-and-rail.png,피쳐-정의
sites/2/2026/04/tistory_기하공차해석1_img.png,posts/haeseok-1/haeseok-1-flange-drawing.png,기하공차-해석-1
sites/2/2026/04/tistory_기하공차해석1_img_1.png,posts/haeseok-1/haeseok-1-datum-a-front-face.png,기하공차-해석-1
sites/2/2026/04/tistory_기하공차해석1_img_2.png,posts/haeseok-1/haeseok-1-datum-a-references.png,기하공차-해석-1
sites/2/2026/04/tistory_기하공차해석1_img_3.png,posts/haeseok-1/haeseok-1-datum-a-flatness.png,기하공차-해석-1
sites/2/2026/04/tistory_기하공차해석1_img_4.png,posts/haeseok-1/haeseok-1-datum-b-cylinder.png,기하공차-해석-1
sites/2/2026/04/tistory_기하공차해석1_img_5.png,posts/haeseok-1/haeseok-1-datum-b-axis.png,기하공차-해석-1
sites/2/2026/04/tistory_기하공차해석1_img_6.png,posts/haeseok-1/haeseok-1-datum-b-references.png,기하공차-해석-1
sites/2/2026/04/tistory_기하공차해석1_img_7.png,posts/haeseok-1/haeseok-1-boss-size-perpendicularity.png,기하공차-해석-1
sites/2/2026/04/tistory_기하공차해석1_img_8.png,posts/haeseok-1/haeseok-1-bore-size-position.png,기하공차-해석-1
sites/2/2026/04/tistory_기하공차해석1_img_9.png,posts/haeseok-1/haeseok-1-holes-size-position.png,기하공차-해석-1
sites/2/2026/04/tistory_기하공차해석1_img_10.png,posts/haeseok-1/haeseok-1-zero-tolerance-mmc.png,기하공차-해석-1
sites/2/2026/04/tistory_기하공차해석1_img_11.png,posts/haeseok-1/haeseok-1-datum-b-mmb.png,기하공차-해석-1
sites/2/2026/04/tistory_기하공차해석1_img_12.png,posts/haeseok-1/haeseok-1-boss-perpendicularity-recap.png,기하공차-해석-1
sites/2/2026/04/tistory_기하공차해석1_img_13.png,posts/haeseok-1/haeseok-1-general-profile-od.png,기하공차-해석-1
sites/2/2026/04/tistory_기하공차해석1_img_14.png,posts/haeseok-1/haeseok-1-profile-back-face.png,기하공차-해석-1
sites/2/2026/04/tistory_기하공차해석3_img.png,posts/haeseok-3/haeseok-3-hole-position-fcf.png,기하공차-해석-3-원통형-피쳐
sites/2/2026/04/tistory_기하공차해석3_img_1.png,posts/haeseok-3/haeseok-3-feature-type-size.png,기하공차-해석-3-원통형-피쳐
sites/2/2026/04/tistory_기하공차해석3_img_2.png,posts/haeseok-3/haeseok-3-tolerance-type-position.png,기하공차-해석-3-원통형-피쳐
sites/2/2026/04/tistory_기하공차해석3_img_3.png,posts/haeseok-3/haeseok-3-cylindrical-tolerance-zone.png,기하공차-해석-3-원통형-피쳐
sites/2/2026/04/tistory_기하공차해석3_img_4.png,posts/haeseok-3/haeseok-3-primary-datum-a.png,기하공차-해석-3-원통형-피쳐
sites/2/2026/04/tistory_기하공차해석3_img_5.png,posts/haeseok-3/haeseok-3-secondary-datum-b.png,기하공차-해석-3-원통형-피쳐
sites/2/2026/04/tistory_기하공차해석3_img_6.png,posts/haeseok-3/haeseok-3-tertiary-datum-c.png,기하공차-해석-3-원통형-피쳐
sites/2/2026/04/tistory_기하공차해석3_img_7.png,posts/haeseok-3/haeseok-3-zone-in-datum-frame.png,기하공차-해석-3-원통형-피쳐
sites/2/2026/04/tistory_기하공차해석4_img_FCF_0ecfff81-scaled.jpg,posts/haeseok-4/haeseok-4-slotted-disc-fcf.jpg,기하공차-해석-4-너비형-피쳐
sites/2/2026/04/tistory_기하공차해석4_img_FCF_3993e73d-scaled.jpg,posts/haeseok-4/haeseok-4-feature-type-size.jpg,기하공차-해석-4-너비형-피쳐
sites/2/2026/04/tistory_기하공차해석4_img_FCF_341eda1e-scaled.jpg,posts/haeseok-4/haeseok-4-tolerance-type-position.jpg,기하공차-해석-4-너비형-피쳐
sites/2/2026/04/tistory_기하공차해석4_img_FCF_e88a8bf3-scaled.jpg,posts/haeseok-4/haeseok-4-zone-shape-width.jpg,기하공차-해석-4-너비형-피쳐
sites/2/2026/04/tistory_기하공차해석4_img_FCF_8aa1dab3-scaled.jpg,posts/haeseok-4/haeseok-4-zone-orientation-datum-a.jpg,기하공차-해석-4-너비형-피쳐
sites/2/2026/04/tistory_기하공차해석4_img_FCF_f1ee36b1-scaled.jpg,posts/haeseok-4/haeseok-4-zone-location-datum-b.jpg,기하공차-해석-4-너비형-피쳐
sites/2/2026/04/tistory_기하공차해석4_img_FCF_5df9201f-scaled.jpg,posts/haeseok-4/haeseok-4-zone-12x-30deg-spacing.jpg,기하공차-해석-4-너비형-피쳐
sites/2/2026/04/tistory_기하공차해석4_img_FCF_6551391e-scaled.jpg,posts/haeseok-4/haeseok-4-final-width-zones.jpg,기하공차-해석-4-너비형-피쳐
sites/2/2026/04/tistory_기하공차해석4_img_FCF_81d9e66f-scaled.jpg,posts/haeseok-4/haeseok-4-slot-center-plane-check.jpg,기하공차-해석-4-너비형-피쳐
sites/2/2026/04/tistory_기하공차해석5_img_FCF_688a8dbf-scaled.jpg,posts/haeseok-5/haeseok-5-ball-stud-fcf.jpg,기하공차-해석-5-구형-피쳐
sites/2/2026/04/tistory_기하공차해석5_img_FCF_f6cad24f-scaled.jpg,posts/haeseok-5/haeseok-5-feature-type-sphere.jpg,기하공차-해석-5-구형-피쳐
sites/2/2026/04/tistory_기하공차해석5_img_FCF_e3e82d95-scaled.jpg,posts/haeseok-5/haeseok-5-tolerance-type-position.jpg,기하공차-해석-5-구형-피쳐
sites/2/2026/04/tistory_기하공차해석5_img_FCF_08287d8f-scaled.jpg,posts/haeseok-5/haeseok-5-zone-shape-spherical.jpg,기하공차-해석-5-구형-피쳐
sites/2/2026/04/tistory_기하공차해석5_img_FCF_90b4d2e0-scaled.jpg,posts/haeseok-5/haeseok-5-zone-location-datum-a.jpg,기하공차-해석-5-구형-피쳐
sites/2/2026/04/tistory_기하공차해석5_img_FCF_f5e5be03-scaled.jpg,posts/haeseok-5/haeseok-5-zone-location-datum-b.jpg,기하공차-해석-5-구형-피쳐
sites/2/2026/04/tistory_기하공차해석5_img_FCF_3aed7726-scaled.jpg,posts/haeseok-5/haeseok-5-final-spherical-zone.jpg,기하공차-해석-5-구형-피쳐
sites/2/2026/04/tistory_기하공차해석5_img_FCF_d7c8d81c-scaled.jpg,posts/haeseok-5/haeseok-5-sphere-center-check.jpg,기하공차-해석-5-구형-피쳐
sites/2/2026/04/모두의-기하공차GDT_해석하기-6-2-scaled.png,posts/haeseok-6/haeseok-6-pattern-hole-drawing.png,기하공차-해석-6-mmc-패턴홀
sites/2/2026/04/모두의-기하공차GDT_해석하기-6-3-scaled.png,posts/haeseok-6/haeseok-6-feature-type-size.png,기하공차-해석-6-mmc-패턴홀
sites/2/2026/04/모두의-기하공차GDT_해석하기-6-4-scaled.png,posts/haeseok-6/haeseok-6-feature-type-center-axis.png,기하공차-해석-6-mmc-패턴홀
sites/2/2026/04/모두의-기하공차GDT_해석하기-6-5-scaled.png,posts/haeseok-6/haeseok-6-tolerance-type-position.png,기하공차-해석-6-mmc-패턴홀
sites/2/2026/04/모두의-기하공차GDT_해석하기-6-6-scaled.png,posts/haeseok-6/haeseok-6-tolerance-zone-cylindrical.png,기하공차-해석-6-mmc-패턴홀
sites/2/2026/04/모두의-기하공차GDT_해석하기-6-7-scaled.png,posts/haeseok-6/haeseok-6-tolerance-zone-diameter.png,기하공차-해석-6-mmc-패턴홀
sites/2/2026/04/모두의-기하공차GDT_해석하기-6-8-scaled.png,posts/haeseok-6/haeseok-6-mmc-bonus-graph.png,기하공차-해석-6-mmc-패턴홀
sites/2/2026/04/모두의-기하공차GDT_해석하기-6-9-scaled.png,posts/haeseok-6/haeseok-6-drf-free-part.png,기하공차-해석-6-mmc-패턴홀
sites/2/2026/04/모두의-기하공차GDT_해석하기-6-10-scaled.png,posts/haeseok-6/haeseok-6-drf-datum-a.png,기하공차-해석-6-mmc-패턴홀
sites/2/2026/04/모두의-기하공차GDT_해석하기-6-11-scaled.png,posts/haeseok-6/haeseok-6-drf-datum-b.png,기하공차-해석-6-mmc-패턴홀
sites/2/2026/04/모두의-기하공차GDT_해석하기-6-12-scaled.png,posts/haeseok-6/haeseok-6-drf-datum-c.png,기하공차-해석-6-mmc-패턴홀
sites/2/2026/04/모두의-기하공차GDT_해석하기-6-13-scaled.png,posts/haeseok-6/haeseok-6-drf-complete.png,기하공차-해석-6-mmc-패턴홀
sites/2/2026/04/모두의-기하공차GDT_해석하기-6-14-scaled.png,posts/haeseok-6/haeseok-6-true-position-datum-a.png,기하공차-해석-6-mmc-패턴홀
sites/2/2026/04/모두의-기하공차GDT_해석하기-6-15-scaled.png,posts/haeseok-6/haeseok-6-true-position-perpendicular-a.png,기하공차-해석-6-mmc-패턴홀
sites/2/2026/04/모두의-기하공차GDT_해석하기-6-16-scaled.png,posts/haeseok-6/haeseok-6-true-position-datum-b.png,기하공차-해석-6-mmc-패턴홀
sites/2/2026/04/모두의-기하공차GDT_해석하기-6-17-scaled.png,posts/haeseok-6/haeseok-6-true-position-basic-22.png,기하공차-해석-6-mmc-패턴홀
sites/2/2026/04/모두의-기하공차GDT_해석하기-6-18-scaled.png,posts/haeseok-6/haeseok-6-true-position-datum-c.png,기하공차-해석-6-mmc-패턴홀
sites/2/2026/04/모두의-기하공차GDT_해석하기-6-19-scaled.png,posts/haeseok-6/haeseok-6-true-position-complete.png,기하공차-해석-6-mmc-패턴홀
sites/2/2026/04/모두의-기하공차GDT_해석하기-6-20-scaled.png,posts/haeseok-6/haeseok-6-zone-at-true-position.png,기하공차-해석-6-mmc-패턴홀
sites/2/2026/04/모두의-기하공차GDT_해석하기-6-21-scaled.png,posts/haeseok-6/haeseok-6-vc-boundary-created.png,기하공차-해석-6-mmc-패턴홀
sites/2/2026/04/모두의-기하공차GDT_해석하기-6-22-scaled.png,posts/haeseok-6/haeseok-6-vc-size-calculation.png,기하공차-해석-6-mmc-패턴홀
sites/2/2026/04/모두의-기하공차GDT_해석하기-6-23-scaled.png,posts/haeseok-6/haeseok-6-vc-boundary-located.png,기하공차-해석-6-mmc-패턴홀
sites/2/2026/04/모두의-기하공차GDT_해석하기-6-24-scaled.png,posts/haeseok-6/haeseok-6-vc-boundary-fixed.png,기하공차-해석-6-mmc-패턴홀
sites/2/2026/04/모두의-기하공차GDT_해석하기-6-25-scaled.png,posts/haeseok-6/haeseok-6-vc-surface-evaluation.png,기하공차-해석-6-mmc-패턴홀
sites/2/2026/04/모두의-기하공차GDT_해석하기-6-26-scaled.png,posts/haeseok-6/haeseok-6-gauge-setup.png,기하공차-해석-6-mmc-패턴홀
sites/2/2026/04/모두의-기하공차GDT_해석하기-6-27-scaled.png,posts/haeseok-6/haeseok-6-gauge-datum-a.png,기하공차-해석-6-mmc-패턴홀
sites/2/2026/04/모두의-기하공차GDT_해석하기-6-28-scaled.png,posts/haeseok-6/haeseok-6-gauge-datum-b.png,기하공차-해석-6-mmc-패턴홀
sites/2/2026/04/모두의-기하공차GDT_해석하기-6-29-scaled.png,posts/haeseok-6/haeseok-6-gauge-datum-c.png,기하공차-해석-6-mmc-패턴홀
sites/2/2026/04/모두의-기하공차GDT_해석하기-6-30-scaled.png,posts/haeseok-6/haeseok-6-gauge-pins-inserted.png,기하공차-해석-6-mmc-패턴홀
sites/2/2026/05/모두의-기하공차GDT_기하공차-해석하기-1-6개-패턴홀-88-scaled.png,posts/haeseok-7/haeseok-7-flange-6-holes-drawing.png,기하공차-해석하기-7-6개의-패턴홀
sites/2/2026/05/모두의-기하공차GDT_기하공차-해석하기-7-6개의-패턴홀-76-scaled.png,posts/haeseok-7/haeseok-7-fcf-breakdown.png,기하공차-해석하기-7-6개의-패턴홀
sites/2/2026/05/모두의-기하공차GDT_기하공차-해석하기-7-6개의-패턴홀-77-1-scaled.png,posts/haeseok-7/haeseok-7-hole-pattern-axes.png,기하공차-해석하기-7-6개의-패턴홀
sites/2/2026/05/모두의-기하공차GDT_기하공차-해석하기-7-6개의-패턴홀-78-scaled.png,posts/haeseok-7/haeseok-7-true-position-elements.png,기하공차-해석하기-7-6개의-패턴홀
sites/2/2026/05/모두의-기하공차GDT_기하공차-해석하기-7-6개의-패턴홀-79-scaled.png,posts/haeseok-7/haeseok-7-hole-pattern-spacing.png,기하공차-해석하기-7-6개의-패턴홀
sites/2/2026/05/모두의-기하공차GDT_기하공차-해석하기-7-6개의-패턴홀-80-scaled.png,posts/haeseok-7/haeseok-7-primary-datum-a-location.png,기하공차-해석하기-7-6개의-패턴홀
sites/2/2026/05/모두의-기하공차GDT_기하공차-해석하기-7-6개의-패턴홀-81-scaled.png,posts/haeseok-7/haeseok-7-secondary-datum-b-location.png,기하공차-해석하기-7-6개의-패턴홀
sites/2/2026/05/모두의-기하공차GDT_기하공차-해석하기-7-6개의-패턴홀-85-scaled.png,posts/haeseok-7/haeseok-7-true-position-summary-table.png,기하공차-해석하기-7-6개의-패턴홀
sites/2/2026/05/모두의-기하공차GDT_기하공차-해석하기-7-6개의-패턴홀-82-scaled.png,posts/haeseok-7/haeseok-7-position-zone-cylinders.png,기하공차-해석하기-7-6개의-패턴홀
sites/2/2026/05/모두의-기하공차GDT_기하공차-해석하기-7-6개의-패턴홀-83-scaled.png,posts/haeseok-7/haeseok-7-verification-drf.png,기하공차-해석하기-7-6개의-패턴홀
sites/2/2026/05/모두의-기하공차GDT_기하공차-해석하기-7-6개의-패턴홀-86-2-scaled.png,posts/haeseok-7/haeseok-7-drf-dof-constraint.png,기하공차-해석하기-7-6개의-패턴홀
sites/2/2026/05/모두의-기하공차GDT_기하공차-해석하기-7-6개의-패턴홀-87-scaled.png,posts/haeseok-7/haeseok-7-part-in-drf-dof.png,기하공차-해석하기-7-6개의-패턴홀
sites/2/2026/05/모두의-기하공차GDT_기하공차-해석하기-7-6개의-패턴홀-84-scaled.png,posts/haeseok-7/haeseok-7-verification-rotation.png,기하공차-해석하기-7-6개의-패턴홀
sites/2/2026/04/tistory_MMC-검사_img_1-scaled.png,posts/jaeryo-gauge/jaeryo-gauge-two-hole-plate.png,mmc-검사
sites/2/2026/04/tistory_MMC-검사_img_2.png,posts/jaeryo-gauge/jaeryo-gauge-plate-drawing-position-mmc.png,mmc-검사
sites/2/2026/04/tistory_MMC-검사_img_3.png,posts/jaeryo-gauge/jaeryo-gauge-functional-gauge.png,mmc-검사
sites/2/2026/04/tistory_MMC-검사_img_4.png,posts/jaeryo-gauge/jaeryo-gauge-part-on-gauge.png,mmc-검사
sites/2/2026/04/tistory_MMC-검사_img_5.png,posts/jaeryo-gauge/jaeryo-gauge-cmm-inspection.png,mmc-검사
sites/2/2026/04/RFS-3-scaled.png,posts/jaeryo-intent/jaeryo-intent-rfs-summary.png,공차재료조건_rfs_mmc_lmc
sites/2/2026/04/RFS-보너스공차-8-scaled.png,posts/jaeryo-intent/jaeryo-intent-rfs-tolerance-graph.png,공차재료조건_rfs_mmc_lmc
sites/2/2026/04/MMC-3-scaled.png,posts/jaeryo-intent/jaeryo-intent-mmc-summary.png,공차재료조건_rfs_mmc_lmc
sites/2/2026/04/MMC-보너스공차-scaled.png,posts/jaeryo-intent/jaeryo-intent-mmc-bonus-tolerance.png,공차재료조건_rfs_mmc_lmc
sites/2/2026/04/MMC-가상경계-scaled.png,posts/jaeryo-intent/jaeryo-intent-mmc-virtual-condition.png,공차재료조건_rfs_mmc_lmc
sites/2/2026/04/LMC-2-scaled.png,posts/jaeryo-intent/jaeryo-intent-lmc-summary.png,공차재료조건_rfs_mmc_lmc
sites/2/2026/04/LMC-보너스공차-scaled.png,posts/jaeryo-intent/jaeryo-intent-lmc-bonus-tolerance.png,공차재료조건_rfs_mmc_lmc
sites/2/2026/04/LMC-가상경계-scaled.png,posts/jaeryo-intent/jaeryo-intent-lmc-virtual-condition.png,공차재료조건_rfs_mmc_lmc
sites/2/2026/04/모두의-기하공차GDT_피쳐-40-1-scaled.png,posts/jaeryo-machining/jaeryo-machining-internal-features-caliper.png,사이즈-피쳐의-mmc와-lmc
sites/2/2026/04/모두의-기하공차GDT_피쳐-41-1-scaled.png,posts/jaeryo-machining/jaeryo-machining-external-features-caliper.png,사이즈-피쳐의-mmc와-lmc
sites/2/2026/04/모두의-기하공차GDT_피쳐-48-scaled.png,posts/jaeryo-machining/jaeryo-machining-internal-mmc-lmc-table.png,사이즈-피쳐의-mmc와-lmc
sites/2/2026/04/모두의-기하공차GDT_피쳐-49-scaled.png,posts/jaeryo-machining/jaeryo-machining-external-mmc-lmc-table.png,사이즈-피쳐의-mmc와-lmc
sites/2/2026/04/모두의-기하공차GDT_피쳐-52-scaled.png,posts/jaeryo-machining/jaeryo-machining-machining-mmc-to-lmc.png,사이즈-피쳐의-mmc와-lmc
sites/2/2026/04/모두의-기하공차GDT_피쳐-54-scaled.png,posts/jaeryo-machining/jaeryo-machining-mmc-lmc-size-summary.png,사이즈-피쳐의-mmc와-lmc
sites/2/2026/04/모두의-기하공차GDT_MMB-계산-3-scaled.png,posts/jaeryo-mmb/jaeryo-mmb-controlled-feature-boss.png,mmb-계산과-적절한-mmb-선택
sites/2/2026/04/모두의-기하공차GDT_MMB-계산-2-scaled.png,posts/jaeryo-mmb/jaeryo-mmb-mmb-example-drawing.png,mmb-계산과-적절한-mmb-선택
sites/2/2026/04/모두의-기하공차GDT_MMB-계산-15-scaled.png,posts/jaeryo-mmb/jaeryo-mmb-datum-features-abcd.png,mmb-계산과-적절한-mmb-선택
sites/2/2026/04/모두의-기하공차GDT_MMB-계산-5-scaled.png,posts/jaeryo-mmb/jaeryo-mmb-datum-b-mmb-reference.png,mmb-계산과-적절한-mmb-선택
sites/2/2026/04/모두의-기하공차GDT_MMB-계산-6-scaled.png,posts/jaeryo-mmb/jaeryo-mmb-datum-b-mmb-calc.png,mmb-계산과-적절한-mmb-선택
sites/2/2026/04/모두의-기하공차GDT_MMB-계산-7-scaled.png,posts/jaeryo-mmb/jaeryo-mmb-datum-c-mmb-reference.png,mmb-계산과-적절한-mmb-선택
sites/2/2026/04/모두의-기하공차GDT_MMB-계산-8-scaled.png,posts/jaeryo-mmb/jaeryo-mmb-datum-c-mmb-calc.png,mmb-계산과-적절한-mmb-선택
sites/2/2026/04/모두의-기하공차GDT_MMB-계산-9-scaled.png,posts/jaeryo-mmb/jaeryo-mmb-datum-d-mmb-straightness.png,mmb-계산과-적절한-mmb-선택
sites/2/2026/04/모두의-기하공차GDT_MMB-계산-10-scaled.png,posts/jaeryo-mmb/jaeryo-mmb-datum-d-mmb-perpendicularity.png,mmb-계산과-적절한-mmb-선택
sites/2/2026/04/모두의-기하공차GDT_MMB-계산-11-scaled.png,posts/jaeryo-mmb/jaeryo-mmb-datum-d-mmb-position.png,mmb-계산과-적절한-mmb-선택
sites/2/2026/04/모두의-기하공차GDT_MMB-계산-16-scaled.png,posts/jaeryo-mmb/jaeryo-mmb-datum-reference-options.png,mmb-계산과-적절한-mmb-선택
sites/2/2026/04/모두의-기하공차GDT_MMB-계산-12-scaled.png,posts/jaeryo-mmb/jaeryo-mmb-option-d-only-mmb.png,mmb-계산과-적절한-mmb-선택
sites/2/2026/04/모두의-기하공차GDT_MMB-계산-13-2-scaled.png,posts/jaeryo-mmb/jaeryo-mmb-option-a-d-mmb.png,mmb-계산과-적절한-mmb-선택
sites/2/2026/04/모두의-기하공차GDT_MMB-계산-14-scaled.png,posts/jaeryo-mmb/jaeryo-mmb-option-abd-mmb.png,mmb-계산과-적절한-mmb-선택
sites/2/2026/04/tistory_공차조건모디파이어_img.png,posts/jaeryo-modifier/jaeryo-modifier-fcf-mmc-lmc.png,공차조건-모디파이어
sites/2/2026/04/tistory_공차조건모디파이어_img_1.png,posts/jaeryo-modifier/jaeryo-modifier-fcf-projected-zone.png,공차조건-모디파이어
sites/2/2026/04/tistory_공차조건모디파이어_img_2.png,posts/jaeryo-modifier/jaeryo-modifier-fcf-tangent-plane.png,공차조건-모디파이어
sites/2/2026/04/tistory_공차조건모디파이어_img_3.png,posts/jaeryo-modifier/jaeryo-modifier-fcf-unequal-profile.png,공차조건-모디파이어
sites/2/2026/04/tistory_공차조건모디파이어_img_4.png,posts/jaeryo-modifier/jaeryo-modifier-fcf-dynamic-profile.png,공차조건-모디파이어
sites/2/2026/04/tistory_공차조건모디파이어_img_5.png,posts/jaeryo-modifier/jaeryo-modifier-fcf-free-state.png,공차조건-모디파이어
sites/2/2026/04/모두의-기하공차GDT_MMC-이해-4-scaled.png,posts/jaeryo-state/jaeryo-state-flange-drawing-3d.png,mmc-특정재료상태
sites/2/2026/04/모두의-기하공차GDT_MMC-이해-2-scaled.png,posts/jaeryo-state/jaeryo-state-mmc-size-bore.png,mmc-특정재료상태
sites/2/2026/04/모두의-기하공차GDT_MMC-이해-3-scaled.png,posts/jaeryo-state/jaeryo-state-mmc-size-boss.png,mmc-특정재료상태
sites/2/2026/04/모두의-기하공차GDT_MMC-이해-1-scaled.png,posts/jaeryo-state/jaeryo-state-mmc-size-pattern-holes.png,mmc-특정재료상태
sites/2/2026/04/모두의-기하공차GDT_MMC-이해-11-scaled.png,posts/jaeryo-state/jaeryo-state-position-mmc-modifier.png,mmc-특정재료상태
sites/2/2026/04/모두의-기하공차GDT_MMC-이해-5-scaled.png,posts/jaeryo-state/jaeryo-state-bonus-tolerance-chart.png,mmc-특정재료상태
sites/2/2026/04/모두의-기하공차GDT_MMC-이해-6-scaled.png,posts/jaeryo-state/jaeryo-state-datum-b-mmb.png,mmc-특정재료상태
sites/2/2026/04/모두의-기하공차GDT_FCF-7-scaled.png,posts/jongryu-control-target/jongryu-control-target-gdt-symbols-14.png,기하공차-통제목표
sites/2/2026/04/모두의-기하공차GDT_피쳐-26-scaled.png,posts/jongryu-control-target/jongryu-control-target-form-tolerance-targets.png,기하공차-통제목표
sites/2/2026/04/모두의-기하공차GDT_피쳐-27-scaled.png,posts/jongryu-control-target/jongryu-control-target-orientation-tolerance-targets.png,기하공차-통제목표
sites/2/2026/04/모두의-기하공차GDT_피쳐-30-scaled.png,posts/jongryu-control-target/jongryu-control-target-position-tolerance-target.png,기하공차-통제목표
sites/2/2026/04/모두의-기하공차GDT_피쳐-28-scaled.png,posts/jongryu-control-target/jongryu-control-target-profile-tolerance-targets.png,기하공차-통제목표
sites/2/2026/04/모두의-기하공차GDT_피쳐-29-scaled.png,posts/jongryu-control-target/jongryu-control-target-runout-tolerance-targets.png,기하공차-통제목표
sites/2/2026/04/모두의-기하공차GDT_윤곽공차-공차영역-15-1-scaled.png,posts/jongryu-extent/jongryu-extent-profile-surface-default.png,윤곽공차의-확장-2-범위지정-비트윈-올어라운드-올
sites/2/2026/04/모두의-기하공차GDT_윤곽공차-공차영역-18-scaled.png,posts/jongryu-extent/jongryu-extent-profile-between.png,윤곽공차의-확장-2-범위지정-비트윈-올어라운드-올
sites/2/2026/04/모두의-기하공차GDT_윤곽공차-공차영역-21-scaled.png,posts/jongryu-extent/jongryu-extent-profile-all-around.png,윤곽공차의-확장-2-범위지정-비트윈-올어라운드-올
sites/2/2026/04/모두의-기하공차GDT_윤곽공차-공차영역-24-scaled.png,posts/jongryu-extent/jongryu-extent-profile-all-over.png,윤곽공차의-확장-2-범위지정-비트윈-올어라운드-올
sites/2/2026/04/모두의-기하공차GDT_피쳐-31-scaled.png,posts/jongryu-five-types/jongryu-five-types-form-symbols.png,기하공차-유형-특징
sites/2/2026/04/모두의-기하공차GDT_피쳐-32-scaled.png,posts/jongryu-five-types/jongryu-five-types-orientation-symbols.png,기하공차-유형-특징
sites/2/2026/04/모두의-기하공차GDT_피쳐-35-scaled.png,posts/jongryu-five-types/jongryu-five-types-location-symbols.png,기하공차-유형-특징
sites/2/2026/04/모두의-기하공차GDT_피쳐-33-scaled.png,posts/jongryu-five-types/jongryu-five-types-profile-symbols.png,기하공차-유형-특징
sites/2/2026/04/모두의-기하공차GDT_피쳐-34-scaled.png,posts/jongryu-five-types/jongryu-five-types-runout-symbols.png,기하공차-유형-특징
sites/2/2026/04/모두의-기하공차GDT_피쳐-1-scaled.png,posts/jongryu-four-attributes/jongryu-four-attributes-four-attributes-gauges.png,기하공차-통제속성
sites/2/2026/04/모두의-기하공차GDT_피쳐-5-scaled.png,posts/jongryu-four-attributes/jongryu-four-attributes-attribute-control-by-feature.png,기하공차-통제속성
sites/2/2026/04/모두의-기하공차GDT_피쳐-16-scaled.png,posts/jongryu-four-attributes/jongryu-four-attributes-size-feature-caliper-check.png,기하공차-통제속성
sites/2/2026/04/모두의-기하공차GDT_피쳐-4-scaled.png,posts/jongryu-four-attributes/jongryu-four-attributes-size-deviation.png,기하공차-통제속성
sites/2/2026/04/모두의-기하공차GDT_피쳐-6-scaled.png,posts/jongryu-four-attributes/jongryu-four-attributes-form-deviation.png,기하공차-통제속성
sites/2/2026/04/모두의-기하공차GDT_피쳐-7-scaled.png,posts/jongryu-four-attributes/jongryu-four-attributes-orientation-deviation.png,기하공차-통제속성
sites/2/2026/04/모두의-기하공차GDT_피쳐-9-scaled.png,posts/jongryu-four-attributes/jongryu-four-attributes-location-deviation.png,기하공차-통제속성
sites/2/2026/04/모두의-기하공차GDT_원페이지-기하공차-1page-GDT-2통제속성-scaled.png,posts/jongryu-four-attributes/jongryu-four-attributes-gdt-summary-table-attributes.png,기하공차-통제속성
sites/2/2026/04/모두의-기하공차GDT_윤곽공차-공차영역-6-사본-scaled.png,posts/jongryu-nonuniform/jongryu-nonuniform-profile-uniform-zone.png,윤곽공차의-확장-3-불균일한-공차영역의-정의-비트윈
sites/2/2026/04/모두의-기하공차GDT_윤곽공차-공차영역-7-1-scaled.png,posts/jongryu-nonuniform/jongryu-nonuniform-between-segments-drawing.png,윤곽공차의-확장-3-불균일한-공차영역의-정의-비트윈
sites/2/2026/04/모두의-기하공차GDT_윤곽공차-공차영역-11-scaled.png,posts/jongryu-nonuniform/jongryu-nonuniform-between-segments-zone.png,윤곽공차의-확장-3-불균일한-공차영역의-정의-비트윈
sites/2/2026/04/모두의-기하공차GDT_윤곽공차-공차영역-8-scaled.png,posts/jongryu-nonuniform/jongryu-nonuniform-from-to-drawing.png,윤곽공차의-확장-3-불균일한-공차영역의-정의-비트윈
sites/2/2026/04/모두의-기하공차GDT_윤곽공차-공차영역-12-scaled.png,posts/jongryu-nonuniform/jongryu-nonuniform-from-to-zone.png,윤곽공차의-확장-3-불균일한-공차영역의-정의-비트윈
sites/2/2026/04/모두의-기하공차GDT_윤곽공차-공차영역-9-scaled.png,posts/jongryu-nonuniform/jongryu-nonuniform-nonuniform-drawing.png,윤곽공차의-확장-3-불균일한-공차영역의-정의-비트윈
sites/2/2026/04/모두의-기하공차GDT_윤곽공차-공차영역-13-1-scaled.png,posts/jongryu-nonuniform/jongryu-nonuniform-nonuniform-cad-zone.png,윤곽공차의-확장-3-불균일한-공차영역의-정의-비트윈
sites/2/2026/04/모두의-기하공차GDT_윤곽공차-공차영역-2-scaled.png,posts/jongryu-unequal-u/jongryu-unequal-u-profile-equal-bilateral.png,윤곽공차의-확장-1-불균등-공차영역을-정의하는-ⓤ-모
sites/2/2026/04/모두의-기하공차GDT_윤곽공차-공차영역-1-scaled.png,posts/jongryu-unequal-u/jongryu-unequal-u-u-modifier-question.png,윤곽공차의-확장-1-불균등-공차영역을-정의하는-ⓤ-모
sites/2/2026/04/모두의-기하공차GDT_윤곽공차-공차영역-3-scaled.png,posts/jongryu-unequal-u/jongryu-unequal-u-u0-material-removal.png,윤곽공차의-확장-1-불균등-공차영역을-정의하는-ⓤ-모
sites/2/2026/04/모두의-기하공차GDT_윤곽공차-공차영역-4-scaled.png,posts/jongryu-unequal-u/jongryu-unequal-u-u05-material-addition.png,윤곽공차의-확장-1-불균등-공차영역을-정의하는-ⓤ-모
sites/2/2026/04/모두의-기하공차GDT_윤곽공차-공차영역-5-scaled.png,posts/jongryu-unequal-u/jongryu-unequal-u-u01-unequal-bilateral.png,윤곽공차의-확장-1-불균등-공차영역을-정의하는-ⓤ-모
sites/2/2026/03/기하공차_ASME_1.일반_11.자전거로-알아보는-기하공차의-가치1아트보드-11@8x-20-scaled.jpg,posts/sijak-ambiguity/sijak-ambiguity-bicycle-tire-rim.jpg,자전거로-알아보는-기하공차
sites/2/2026/03/tistory_자전거기하공차_img659238e8-scaled.jpg,posts/sijak-ambiguity/sijak-ambiguity-tire-rim-size.jpg,자전거로-알아보는-기하공차
sites/2/2026/03/tistory_자전거기하공차_imgb6b84c10-scaled.jpg,posts/sijak-ambiguity/sijak-ambiguity-wheel-size-vs-runout.jpg,자전거로-알아보는-기하공차
sites/2/2026/03/tistory_자전거기하공차_imgf1abb2ff-scaled.jpg,posts/sijak-ambiguity/sijak-ambiguity-wheel-runout-drawing.jpg,자전거로-알아보는-기하공차
sites/2/2026/03/tistory_자전거기하공차_img23271c25-scaled.jpg,posts/sijak-ambiguity/sijak-ambiguity-wheel-runout-gauge.jpg,자전거로-알아보는-기하공차
sites/2/2026/03/모두의-기하공차GDT_치수공차의-한계-7-scaled.png,posts/sijak-assembly/sijak-assembly-ambiguous-reference-edge.png,치수공차의-한계
sites/2/2026/03/모두의-기하공차GDT_치수공차의-한계-8-scaled.png,posts/sijak-assembly/sijak-assembly-ambiguous-hole-diameter.png,치수공차의-한계
sites/2/2026/03/모두의-기하공차GDT_치수공차의-한계-9-scaled.png,posts/sijak-assembly/sijak-assembly-ambiguous-hole-distance.png,치수공차의-한계
sites/2/2026/05/모두의-기하공차GDT_치수공차와-기하공차-수학적-비교-1-scaled.png,posts/sijak-defect-pass/sijak-defect-pass-hole-boss-assembly.png,불량품이-합격하고-양품이-불합격되는-치수공차
sites/2/2026/05/모두의-기하공차GDT_치수공차와-기하공차-수학적-비교-2-scaled.png,posts/sijak-defect-pass/sijak-defect-pass-hole-boss-drawings.png,불량품이-합격하고-양품이-불합격되는-치수공차
sites/2/2026/05/모두의-기하공차GDT_치수공차와-기하공차-수학적-비교-3-scaled.png,posts/sijak-defect-pass/sijak-defect-pass-clearance-calculation.png,불량품이-합격하고-양품이-불합격되는-치수공차
sites/2/2026/05/모두의-기하공차GDT_치수공차와-기하공차-수학적-비교-5-1-scaled.png,posts/sijak-defect-pass/sijak-defect-pass-boss-shift-orthogonal.png,불량품이-합격하고-양품이-불합격되는-치수공차
sites/2/2026/05/모두의-기하공차GDT_치수공차와-기하공차-수학적-비교-21-1-scaled.png,posts/sijak-defect-pass/sijak-defect-pass-boss-shift-diagonal.png,불량품이-합격하고-양품이-불합격되는-치수공차
sites/2/2026/05/모두의-기하공차GDT_치수공차와-기하공차-수학적-비교-4-scaled.png,posts/sijak-defect-pass/sijak-defect-pass-square-zone-wide.png,불량품이-합격하고-양품이-불합격되는-치수공차
sites/2/2026/05/모두의-기하공차GDT_치수공차와-기하공차-수학적-비교-12-scaled.png,posts/sijak-defect-pass/sijak-defect-pass-diagonal-interference-check.png,불량품이-합격하고-양품이-불합격되는-치수공차
sites/2/2026/05/모두의-기하공차GDT_치수공차와-기하공차-수학적-비교-6-scaled.png,posts/sijak-defect-pass/sijak-defect-pass-max-shift-without-interference.png,불량품이-합격하고-양품이-불합격되는-치수공차
sites/2/2026/05/모두의-기하공차GDT_치수공차와-기하공차-수학적-비교-7-scaled.png,posts/sijak-defect-pass/sijak-defect-pass-pythagoras-square-zone.png,불량품이-합격하고-양품이-불합격되는-치수공차
sites/2/2026/05/모두의-기하공차GDT_치수공차와-기하공차-수학적-비교-8-scaled.png,posts/sijak-defect-pass/sijak-defect-pass-square-zone-narrow.png,불량품이-합격하고-양품이-불합격되는-치수공차
sites/2/2026/05/모두의-기하공차GDT_치수공차와-기하공차-수학적-비교-9-scaled.png,posts/sijak-defect-pass/sijak-defect-pass-pass-fail-by-zone.png,불량품이-합격하고-양품이-불합격되는-치수공차
sites/2/2026/05/모두의-기하공차GDT_치수공차와-기하공차-수학적-비교-10-scaled.png,posts/sijak-defect-pass/sijak-defect-pass-assembly-clearance-check.png,불량품이-합격하고-양품이-불합격되는-치수공차
sites/2/2026/05/모두의-기하공차GDT_치수공차와-기하공차-수학적-비교-11-scaled.png,posts/sijak-defect-pass/sijak-defect-pass-measured-points-pass-fail.png,불량품이-합격하고-양품이-불합격되는-치수공차
sites/2/2026/05/모두의-기하공차GDT_치수공차와-기하공차-수학적-비교-14-scaled.png,posts/sijak-defect-pass/sijak-defect-pass-good-defect-matrix.png,불량품이-합격하고-양품이-불합격되는-치수공차
sites/2/2026/05/모두의-기하공차GDT_치수공차와-기하공차-수학적-비교-15-scaled.png,posts/sijak-defect-pass/sijak-defect-pass-defect-pass-good-fail.png,불량품이-합격하고-양품이-불합격되는-치수공차
sites/2/2026/05/모두의-기하공차GDT_치수공차와-기하공차-수학적-비교-17-사본-scaled.png,posts/sijak-defect-pass/sijak-defect-pass-pythagoras-circle-zone.png,불량품이-합격하고-양품이-불합격되는-치수공차
sites/2/2026/05/모두의-기하공차GDT_치수공차와-기하공차-수학적-비교-16-scaled.png,posts/sijak-defect-pass/sijak-defect-pass-circular-zone-matrix.png,불량품이-합격하고-양품이-불합격되는-치수공차
sites/2/2026/05/모두의-기하공차GDT_치수공차와-기하공차-수학적-비교-17-2-scaled.png,posts/sijak-defect-pass/sijak-defect-pass-square-vs-circle-area.png,불량품이-합격하고-양품이-불합격되는-치수공차
sites/2/2026/05/모두의-기하공차GDT_치수공차와-기하공차-수학적-비교-18-scaled.png,posts/sijak-defect-pass/sijak-defect-pass-dimensional-vs-gdt-drawing.png,불량품이-합격하고-양품이-불합격되는-치수공차
sites/2/2026/04/tistory_img.png,posts/sijak-legal/sijak-legal-language-precision-scale.png,도면오류비용
sites/2/2026/04/tistory_img_1.png,posts/sijak-legal/sijak-legal-drawing-error-cost-stages.png,도면오류비용
sites/2/2026/07/모두의-기하공차GDT_힐링자기계발서_편집작업_-35@8x-8-1-scaled.png,posts/sijak-training/sijak-training-book-table-of-contents.png,기하공차로-좌절한-엔지니어를-위한-힐링-자기계발
sites/2/2026/09/author-kf21.jpg,unused/author-kf21.jpg,
sites/2/2026/04/cropped-모두의-기하공차_아이콘.png,unused/cropped-모두의-기하공차_아이콘.png,
sites/2/2026/09/gdtp-certificate-2026.png,unused/gdtp-certificate-2026.png,
sites/2/2026/06/image.png,unused/image.png,
sites/2/2026/04/tistory_MMC-검사_img.png,unused/tistory_MMC-검사_img.png,
sites/2/2026/04/tistory_해석법-4단계_img3.기초_01.FCF44FCF의-정보-구성-사본@8x-20-scaled.jpg,unused/tistory_해석법-4단계_img3.기초_01.FCF44FCF의-정보-구성-사본@8x-20-scaled.jpg,
sites/2/2026/09/랜딩_히어로_플랜지도면.png,unused/랜딩_히어로_플랜지도면.png,
sites/2/2026/05/모두의-기하공차GDT_ASME-Y14.5-2018-인용-11-1-scaled.png,unused/모두의-기하공차GDT_ASME-Y14.5-2018-인용-11-1-scaled.png,
sites/2/2026/05/모두의-기하공차GDT_ASME-Y14.5-2018-인용-11-scaled.png,unused/모두의-기하공차GDT_ASME-Y14.5-2018-인용-11-scaled.png,
sites/2/2026/04/모두의-기하공차GDT_FCF-배치-14-scaled.png,unused/모두의-기하공차GDT_FCF-배치-14-scaled.png,
sites/2/2026/04/모두의-기하공차GDT_MMB-계산-11-1-scaled.png,unused/모두의-기하공차GDT_MMB-계산-11-1-scaled.png,
sites/2/2026/04/모두의-기하공차GDT_MMB-계산-12-1-scaled.png,unused/모두의-기하공차GDT_MMB-계산-12-1-scaled.png,
sites/2/2026/04/모두의-기하공차GDT_MMB-계산-13-1-scaled.png,unused/모두의-기하공차GDT_MMB-계산-13-1-scaled.png,
sites/2/2026/04/모두의-기하공차GDT_MMB-계산-13-scaled.png,unused/모두의-기하공차GDT_MMB-계산-13-scaled.png,
sites/2/2026/04/모두의-기하공차GDT_MMC-이해-12-scaled.png,unused/모두의-기하공차GDT_MMC-이해-12-scaled.png,
sites/2/2026/04/모두의-기하공차GDT_MMC-이해-7-scaled.png,unused/모두의-기하공차GDT_MMC-이해-7-scaled.png,
sites/2/2026/04/모두의-기하공차GDT_기본_썸네일-33-1.png,unused/모두의-기하공차GDT_기본_썸네일-33-1.png,
sites/2/2026/04/모두의-기하공차GDT_기본_썸네일-34-1.png,unused/모두의-기하공차GDT_기본_썸네일-34-1.png,
sites/2/2026/04/모두의-기하공차GDT_기본_썸네일-35.png,unused/모두의-기하공차GDT_기본_썸네일-35.png,
sites/2/2026/04/모두의-기하공차GDT_기본_썸네일-36.png,unused/모두의-기하공차GDT_기본_썸네일-36.png,
sites/2/2026/04/모두의-기하공차GDT_기본_썸네일-37.png,unused/모두의-기하공차GDT_기본_썸네일-37.png,
sites/2/2026/04/모두의-기하공차GDT_기본_썸네일-38.png,unused/모두의-기하공차GDT_기본_썸네일-38.png,
sites/2/2026/04/모두의-기하공차GDT_기본_썸네일-40.png,unused/모두의-기하공차GDT_기본_썸네일-40.png,
sites/2/2026/04/모두의-기하공차GDT_기본_썸네일-41.png,unused/모두의-기하공차GDT_기본_썸네일-41.png,
sites/2/2026/04/모두의-기하공차GDT_기본_썸네일-45.png,unused/모두의-기하공차GDT_기본_썸네일-45.png,
sites/2/2026/04/모두의-기하공차GDT_기본_썸네일-48.png,unused/모두의-기하공차GDT_기본_썸네일-48.png,
sites/2/2026/04/모두의-기하공차GDT_기본_썸네일-49.png,unused/모두의-기하공차GDT_기본_썸네일-49.png,
sites/2/2026/04/모두의-기하공차GDT_기본_썸네일-50.png,unused/모두의-기하공차GDT_기본_썸네일-50.png,
sites/2/2026/04/모두의-기하공차GDT_기본_썸네일-51.png,unused/모두의-기하공차GDT_기본_썸네일-51.png,
sites/2/2026/04/모두의-기하공차GDT_기본_썸네일-52.png,unused/모두의-기하공차GDT_기본_썸네일-52.png,
sites/2/2026/04/모두의-기하공차GDT_기본_썸네일-54.png,unused/모두의-기하공차GDT_기본_썸네일-54.png,
sites/2/2026/04/모두의-기하공차GDT_기본_썸네일-56.png,unused/모두의-기하공차GDT_기본_썸네일-56.png,
sites/2/2026/04/모두의-기하공차GDT_기본_썸네일-57.png,unused/모두의-기하공차GDT_기본_썸네일-57.png,
sites/2/2026/04/모두의-기하공차GDT_기초_썸네일-28.png,unused/모두의-기하공차GDT_기초_썸네일-28.png,
sites/2/2026/05/모두의-기하공차GDT_기하공차-해석하기-7-6개의-패턴홀-86-scaled.png,unused/모두의-기하공차GDT_기하공차-해석하기-7-6개의-패턴홀-86-scaled.png,
sites/2/2026/06/모두의-기하공차GDT_데이텀-시뮬레이션-10-scaled.png,unused/모두의-기하공차GDT_데이텀-시뮬레이션-10-scaled.png,
sites/2/2026/06/모두의-기하공차GDT_데이텀-시뮬레이션-3-scaled.png,unused/모두의-기하공차GDT_데이텀-시뮬레이션-3-scaled.png,
sites/2/2026/06/모두의-기하공차GDT_데이텀-시뮬레이션-4-scaled.png,unused/모두의-기하공차GDT_데이텀-시뮬레이션-4-scaled.png,
sites/2/2026/06/모두의-기하공차GDT_데이텀-시뮬레이션-5-scaled.png,unused/모두의-기하공차GDT_데이텀-시뮬레이션-5-scaled.png,
sites/2/2026/06/모두의-기하공차GDT_데이텀-시뮬레이션-6-scaled.png,unused/모두의-기하공차GDT_데이텀-시뮬레이션-6-scaled.png,
sites/2/2026/06/모두의-기하공차GDT_데이텀-시뮬레이션-7-scaled.png,unused/모두의-기하공차GDT_데이텀-시뮬레이션-7-scaled.png,
sites/2/2026/06/모두의-기하공차GDT_데이텀-시뮬레이션-8-scaled.png,unused/모두의-기하공차GDT_데이텀-시뮬레이션-8-scaled.png,
sites/2/2026/06/모두의-기하공차GDT_데이텀-시뮬레이션-9-1-scaled.png,unused/모두의-기하공차GDT_데이텀-시뮬레이션-9-1-scaled.png,
sites/2/2026/06/모두의-기하공차GDT_데이텀-시뮬레이션-9-scaled.png,unused/모두의-기하공차GDT_데이텀-시뮬레이션-9-scaled.png,
sites/2/2026/05/모두의-기하공차GDT_베이직-치수-3-scaled.png,unused/모두의-기하공차GDT_베이직-치수-3-scaled.png,
sites/2/2026/05/모두의-기하공차GDT_베이직-치수-7-scaled.png,unused/모두의-기하공차GDT_베이직-치수-7-scaled.png,
sites/2/2026/05/모두의-기하공차GDT_베이직-치수-8-scaled.png,unused/모두의-기하공차GDT_베이직-치수-8-scaled.png,
sites/2/2026/04/모두의-기하공차GDT_실전_썸네일-66.png,unused/모두의-기하공차GDT_실전_썸네일-66.png,
sites/2/2026/04/모두의-기하공차GDT_실전_썸네일-71.png,unused/모두의-기하공차GDT_실전_썸네일-71.png,
sites/2/2026/06/모두의-기하공차GDT_일반_썸네일-13.png,unused/모두의-기하공차GDT_일반_썸네일-13.png,
sites/2/2026/05/모두의-기하공차GDT_치수공차와-기하공차-수학적-비교-13-scaled.png,unused/모두의-기하공차GDT_치수공차와-기하공차-수학적-비교-13-scaled.png,
sites/2/2026/05/모두의-기하공차GDT_치수공차와-기하공차-수학적-비교-17-scaled.png,unused/모두의-기하공차GDT_치수공차와-기하공차-수학적-비교-17-scaled.png,
sites/2/2026/05/모두의-기하공차GDT_치수공차와-기하공차-수학적-비교-5-scaled.png,unused/모두의-기하공차GDT_치수공차와-기하공차-수학적-비교-5-scaled.png,
sites/2/2026/03/모두의-기하공차GDT_치수공차의-한계-6-scaled.png,unused/모두의-기하공차GDT_치수공차의-한계-6-scaled.png,
sites/2/2026/07/모두의-기하공차GDT_힐링자기계발서-9-scaled.png,unused/모두의-기하공차GDT_힐링자기계발서-9-scaled.png,
sites/2/2026/07/모두의-기하공차GDT_힐링자기계발서-9-사본-2-scaled.png,unused/모두의-기하공차GDT_힐링자기계발서-9-사본-2-scaled.png,
sites/2/2026/07/모두의-기하공차GDT_힐링자기계발서_편집작업_-35@8x-8-scaled.png,unused/모두의-기하공차GDT_힐링자기계발서_편집작업_-35@8x-8-scaled.png,
sites/2/2026/04/모두의-기하공차_아이콘.png,unused/모두의-기하공차_아이콘.png,
sites/2/2026/04/서피스-해석과-중심축-해석_1-scaled.png,unused/서피스-해석과-중심축-해석_1-scaled.png,
sites/2/2026/09/힐링자기계발서_크몽배너-scaled.png,unused/힐링자기계발서_크몽배너-scaled.png,
